datetime,Global_active_power,trend_30,day_of_week,rolling_mean_7,rolling_std_7,z_score,anomaly
2006-12-16,3.0534747474747475,,Saturday,,,,False
2006-12-17,2.354486111111111,,Sunday,,,,False
2006-12-18,1.5304347222222223,,Monday,,,,False
2006-12-19,1.1570791666666669,,Tuesday,,,,False
2006-12-20,1.5456583333333334,,Wednesday,,,,False
2006-12-21,1.193757997218359,,Thursday,,,,False
2006-12-22,1.6259291666666669,,Friday,1.780117177813301,0.6861023787695637,-0.224730325848965,False
2006-12-23,3.314851388888889,,Saturday,1.8174566980153213,0.7690501462809828,1.9470702893884824,False
2006-12-24,1.7708416666666669,,Sunday,1.7340789202375433,0.731862710121271,0.05023175237748064,False
2006-12-25,1.9049444444444443,,Monday,1.7875803091264324,0.7281741362799405,0.16117591860320105,False
2006-12-26,2.7320208333333333,,Tuesday,2.0125719757930987,0.7440332540862729,0.9669579331151944,False
2006-12-27,1.0616388888888888,,Wednesday,1.943426340872464,0.8138704292424082,-1.0834494291731271,False
2006-12-28,1.4393319444444443,,Thursday,1.9785083333333335,0.7807905998878315,-0.6905518444591257,False
2006-12-29,2.204438888888889,,Friday,2.0611525793650793,0.7677592735346139,0.18662921369109262,False
2006-12-30,1.939709318497914,,Saturday,1.8647037121663685,0.5337865477313046,0.14051610451843277,False
2006-12-31,2.426525,,Sunday,1.9583727597854161,0.5708158362872772,0.8201458516980852,False
2007-01-01,1.909030555555556,,Monday,1.9589564899441465,0.5707541789582535,-0.08747362039418763,False
2007-01-02,0.8814138888888889,,Tuesday,1.6945840693092258,0.5814897730990155,-1.3984255923996638,False
2007-01-03,0.7042041666666666,,Wednesday,1.6435219661346228,0.6571102797842894,-1.4294675161318546,False
2007-01-04,2.2634805555555557,,Thursday,1.7612574820076385,0.6875544880883846,0.7304483968161616,False
2007-01-05,1.8842805555555555,,Friday,1.7155205772457338,0.6633838645613889,0.2543926485480637,False
2007-01-06,1.047484722222222,,Saturday,1.5880599206349206,0.6979442061714246,-0.7745249457374619,False
2007-01-07,1.6997361111111111,,Sunday,1.4842329365079365,0.5995476452214914,0.35944295056577374,False
2007-01-08,1.5565,,Monday,1.4338714285714285,0.5720955360615887,0.21434981344684012,False
2007-01-09,1.2979541666666667,,Tuesday,1.4933771825396824,0.5247598561777042,-0.37240466009815704,False
2007-01-10,1.496388888888889,,Wednesday,1.6065464285714286,0.3957696117682469,-0.27833753882813317,False
2007-01-11,1.5661069444444444,,Thursday,1.5069216269841268,0.27092394708848594,0.21845731282287584,False
2007-01-12,1.014788888888889,,Friday,1.3827085317460317,0.2683875712373719,-1.3708520150947714,False
2007-01-13,2.213065277777777,,Saturday,1.5492200396825397,0.36860685417074474,1.8009573901947393,False
2007-01-14,2.0902126476719944,1.7626589996213597,Sunday,1.60500240204838,0.4210032240836681,1.1525095720577812,False
2007-01-15,1.4921375,1.710614424705535,Monday,1.5958077591912372,0.422937446328669,-0.24511960359895416,False
2007-01-16,1.1711138888888888,1.6711686839647941,Tuesday,1.5776877195086976,0.4401905403852616,-0.9236314580135435,False
2007-01-17,1.977561111111111,1.686072896927757,Wednesday,1.6464266083975865,0.46238877159805103,0.7161387193056147,False
2007-01-18,1.2649041666666667,1.6896670635944238,Thursday,1.603397640143618,0.48459053797398516,-0.6985144094891987,False
2007-01-19,1.0280833333333337,1.6724145635944236,Friday,1.6052968464928248,0.48191786603755526,-1.1977425072564327,False
2007-01-20,2.1762027777777777,1.7051627229464044,Saturday,1.6000307750642533,0.4743110746807553,1.2147555338051694,False
2007-01-21,2.366154166666667,1.729836889613071,Sunday,1.6394509920634923,0.5300338168076577,1.3710505849985901,False
2007-01-22,1.5142319444444443,1.669816241464923,Monday,1.6426073412698414,0.5290752764523299,-0.24264108065341405,False
2007-01-23,1.2344722222222222,1.6519372599834414,Tuesday,1.6516585317460317,0.5201311726121445,-0.8020790360029052,False
2007-01-24,2.074898611111111,1.6576023988723303,Wednesday,1.6655638888888888,0.5314735460930865,0.7701883287160415,False
2007-01-25,1.1085722222222223,1.6034874451686265,Thursday,1.643230753968254,0.5539261236088258,-0.9652163148810066,False
2007-01-26,1.1235916666666663,1.6055525377612192,Friday,1.6568748015873014,0.5371716383347778,-0.9927611527924353,False
2007-01-27,1.4194944444444444,1.6048912877612191,Saturday,1.548773611111111,0.4892455126031993,-0.26424190582513934,False
2007-01-28,2.147466296038916,1.602992201332887,Sunday,1.517532486735718,0.4319832043483263,1.458236808659014,False
2007-01-29,1.37685,1.5842302240496229,Monday,1.4979064946722258,0.43526645949687776,-0.2781204295229972,False
2007-01-30,1.1859708333333334,1.5428784184940674,Tuesday,1.4909777248309564,0.44051324810398895,-0.6923898266633335,False
2007-01-31,1.6414944444444444,1.533960548123697,Wednesday,1.4290628438785753,0.36949719092218875,0.5749207457726097,False
2007-02-01,1.2671944444444443,1.546819899975549,Thursday,1.451723161338893,0.35096575209228176,-0.5257741411929258,False
2007-02-02,1.15815,1.5619514277533268,Friday,1.4566600661007973,0.34578559515796564,-0.8632808025575173,False
2007-02-03,2.798418055555556,1.5797826777533264,Saturday,1.653649153402385,0.611651641341387,1.8716027633680952,False
2007-02-04,2.4971805555555555,1.6002126777533265,Sunday,1.7036083333333334,0.6701896249787384,1.1841010255081135,False
2007-02-05,1.1425555555555555,1.6033817055311042,Monday,1.6701376984126985,0.6946332398959781,-0.7595118006966508,False
2007-02-06,0.8843611111111112,1.5762025388644376,Tuesday,1.6270505952380954,0.7376905212102836,-1.0067765042019234,False
2007-02-07,1.616679166666667,1.5782085110866602,Wednesday,1.6235055555555558,0.7376691671640772,-0.009253997852631542,False
2007-02-08,1.2509819444444443,1.5766427703459192,Thursday,1.6211894841269843,0.7389985887146258,-0.5009583852202735,False
2007-02-09,1.1251375,1.5642677240496228,Friday,1.6164734126984128,0.7425429058895014,-0.6616936325178886,False
2007-02-10,1.964811111111111,1.5775578629385119,Saturday,1.4973867063492061,0.5676404834156317,0.8234514951246922,False
2007-02-11,2.4800194444444443,1.6263988814570305,Sunday,1.494935119047619,0.5626176314895709,1.7508948711556431,False
2007-02-12,1.3038958333333333,1.5960932333088822,Monday,1.5179837301587302,0.5489137118251399,-0.39002104012587696,False
2007-02-13,0.9823236111111112,1.5591635987568528,Tuesday,1.531978373015873,0.53102428816806,-1.0350840331634803,False
2007-02-14,1.735188888888889,1.5672653117198156,Wednesday,1.5489083333333333,0.5360402180446626,0.3475122747973264,False
2007-02-15,1.3787125,1.5741852654235193,Thursday,1.5671555555555554,0.5262937159711106,-0.35805682233511493,False
2007-02-16,1.182311111111111,1.5476769320901862,Friday,1.5753232142857143,0.5186792141685124,-0.7577170868600077,False
2007-02-17,1.4423,1.5535901265346306,Saturday,1.5006787698412698,0.49009532498336256,-0.11911717346671627,False
2007-02-18,2.6595569444444447,1.6079725802383342,Sunday,1.526326984126984,0.550824566111321,2.057333732076932,False
2007-02-19,1.5184819444444444,1.5860485524605565,Monday,1.5569821428571429,0.5422874348991785,-0.07099592565676242,False
2007-02-20,2.18745,1.580091746905001,Tuesday,1.7291430555555556,0.5202940841567284,0.8808613405383032,False
2007-02-21,1.4394958333333332,1.5776005432012972,Wednesday,1.6869011904761906,0.531601971894638,-0.46539586048016474,False
2007-02-22,2.3431696801112656,1.614557125130932,Thursday,1.824680787634943,0.5624988116922977,0.9217599783303194,False
2007-02-23,0.9121388888888888,1.5757984677235244,Friday,1.786084755888911,0.6202278907675008,-1.409072181385713,False
2007-02-24,0.4964736111111111,1.5553951806864876,Saturday,1.6509667003333555,0.7879516210518182,-1.4651827071326264,False
2007-02-25,0.3484305555555556,1.5295564769827839,Sunday,1.3208057876349426,0.7790495355162739,-1.2481558460014957,False
2007-02-26,0.3947805555555556,1.4953993473531542,Monday,1.160277017793673,0.8445481571604014,-0.9063976467747237,False
2007-02-27,0.3597999999999999,1.4358104708185235,Tuesday,0.8991841606508159,0.7514499649413625,-0.7177911847968553,False
2007-02-28,0.3616486111111111,1.4019704245222273,Wednesday,0.7452059860476411,0.7324735620331678,-0.523646715482629,False
2007-03-01,0.3594194444444444,1.3744187115592643,Thursday,0.46181309523809516,0.20504783534267218,-0.499364700059049,False
2007-03-02,0.3581166666666666,1.3316394523000052,Friday,0.3826670634920634,0.05224726014433474,-0.46988869382960124,False
2007-03-03,0.5688347222222222,1.3083607948925977,Saturday,0.39300436507936504,0.07888504864980568,2.2289440160380796,False
2007-03-04,1.4518749999999998,1.318151628225931,Sunday,0.5506392857142857,0.4046842235990124,2.2270097565718734,False
2007-03-05,1.8474527777777776,1.2864527856333383,Monday,0.7581638888888887,0.6243108184165153,1.744786181427596,False
2007-03-06,0.865625,1.2320676004481534,Tuesday,0.8304246031746031,0.5992894145817443,0.05873689067237058,False
2007-03-07,1.6494486111111113,1.2489640356333387,Wednesday,1.0143960317460317,0.6283600087669176,1.010650853817536,False
2007-03-08,1.0917583333333334,1.2558772763740793,Thursday,1.1190158730158728,0.5581802607861442,-0.048832862065293636,False
2007-03-09,0.8837583333333334,1.2314465819296347,Friday,1.1941075396825396,0.4666009037216054,-0.6651277438038871,False
2007-03-10,1.7254944444444444,1.247263665262968,Saturday,1.359344642857143,0.409589482401149,0.893943368469352,False
2007-03-11,2.417108333333333,1.2903293597074126,Sunday,1.4972351190476192,0.5750053533794879,1.5997646089368194,False
2007-03-12,1.3546305555555556,1.2699900078555608,Monday,1.4268319444444446,0.5547934063795446,-0.1301410363905708,False
2007-03-13,0.8959333333333334,1.2171871374851904,Tuesday,1.4311617063492064,0.5497792307665087,-0.9735332712908258,False
2007-03-14,1.245391666666667,1.2152369985963014,Wednesday,1.3734392857142856,0.5442244337034002,-0.235284583193492,False
2007-03-15,1.3088986111111112,1.226122831929635,Thursday,1.4044593253968254,0.531533480467814,-0.17978305750676174,False
2007-03-16,1.1819819444444446,1.2076826004481533,Friday,1.4470626984126986,0.4934282074261306,-0.5372225381094338,False
2007-03-17,1.4083958333333333,1.2086720448925978,Saturday,1.401762896825397,0.4779181869302918,0.013878811665528328,False
2007-03-18,1.646559722222222,1.2241469985963014,Sunday,1.2916845238095238,0.22898804671807071,1.5497542491797365,False
2007-03-19,1.4948041666666667,1.2258971374851904,Monday,1.3117093253968253,0.24121276600065114,0.7590594988216635,False
2007-03-20,1.4487694444444446,1.1855375541518571,Tuesday,1.3906859126984126,0.15882709789497473,0.36570290911214676,False
2007-03-21,1.487563888888889,1.1845069523000051,Wednesday,1.4252819444444444,0.1479036897259279,0.42109797639163477,False
2007-03-22,1.010401388888889,1.1452719985963014,Thursday,1.3826394841269842,0.21490507507350254,-1.7321047216348016,False
2007-03-23,0.9090333333333334,1.1275899152629683,Friday,1.3436468253968255,0.2740138358879859,-1.5861005363289675,False
2007-03-24,2.0614097222222223,1.1181979166666667,Saturday,1.436934523809524,0.3874219217796755,1.6118736790734152,False
2007-03-25,2.318362751911049,1.165072045434072,Sunday,1.5329063851936422,0.5113826491474929,1.5359464542389385,False
2007-03-26,0.983390277777778,1.1813026009896275,Monday,1.4598472582095152,0.5526038370143167,-0.8622035326537071,False
2007-03-27,0.7674583333333334,1.1952701935822203,Tuesday,1.3625170994793565,0.6117180165787158,-0.9727664545081305,False
2007-03-28,1.6207625,1.236136258397035,Wednesday,1.3815454724952294,0.6182924099664879,0.3868995052320576,False
2007-03-29,1.1044486111111111,1.2609578787674054,Thursday,1.3949807899555469,0.6098475507369483,-0.4764013211061561,False
2007-03-30,0.9738847222222222,1.2813657491377757,Friday,1.4042452740825309,0.6016727188761657,-0.7152735006236572,False
2007-03-31,2.4371597222222223,1.350623758397035,Saturday,1.4579238455111023,0.6815347613905102,1.4368098770387314,False
2007-04-01,1.934688888888889,1.4031761658044424,Sunday,1.4031132936507937,0.6127612646421909,0.8675084831749239,False
2007-04-02,1.3616513888888888,1.4296033880266645,Monday,1.4571505952380954,0.5856577035590655,-0.16306317797726227,False
2007-04-03,1.140847222222222,1.419235795434072,Tuesday,1.510491865079365,0.5263751901132291,-0.7022455651407669,False
2007-04-04,1.4249083333333332,1.4051509806192573,Wednesday,1.4825126984126984,0.5247396396006347,-0.10977704128319009,False
2007-04-05,1.280609722222222,1.4189838046933312,Thursday,1.5076785714285712,0.5075282004880873,-0.4474014428912094,False
2007-04-06,1.111902777777778,1.4010656102488868,Friday,1.5273954365079365,0.4855393165943648,-0.8557343237299042,False
2007-04-07,1.079113888888889,1.4006441287674056,Saturday,1.3333888888888887,0.29560843314949786,-0.8601750541785304,False
2007-04-08,1.1172333333333333,1.4084266287674054,Sunday,1.2166095238095238,0.13784391410441957,-0.7209327384661395,False
2007-04-09,0.6950833333333333,1.374079591730368,Monday,1.1213855158730157,0.224159471079639,-1.9017808191928975,False
2007-04-10,0.5398361111111112,1.3115038509896275,Tuesday,1.0355267857142858,0.3129706355240152,-1.58382486514502,False
2007-04-11,0.6163069444444444,1.2868930639525906,Wednesday,0.9200123015873015,0.2939460907457007,-1.033200871535316,False
2007-04-12,0.3734069444444444,1.269475517656294,Thursday,0.7904119047619048,0.3081122366594377,-1.3534190165202167,False
2007-04-13,0.3826541666666667,1.2407176009896275,Friday,0.6862335317460317,0.3045589598063849,-0.9967835629342752,False
2007-04-14,0.3849083333333333,1.2099179250637018,Saturday,0.5870613095238095,0.26587370201418903,-0.7603346049609969,False
2007-04-15,0.5042805555555555,1.1873278787674053,Sunday,0.49949662698412695,0.12664268338894602,0.03777500952610207,False
2007-04-16,0.6613819444444444,1.1624274158044423,Monday,0.4946821428571428,0.11833614342382967,1.4086972649620153,False
2007-04-17,0.8498152777777778,1.135869267656294,Tuesday,0.5389648809523809,0.17998823732841948,1.7270595092177987,False
2007-04-18,0.6932263888888889,1.109150008397035,Wednesday,0.549953373015873,0.18768066087567367,0.7633872089140021,False
2007-04-19,0.7143458333333332,1.084669221359998,Thursday,0.5986589285714287,0.17822962921207952,0.6490890727503342,False
2007-04-20,0.5712361111111112,1.0541249621007387,Friday,0.6255992063492063,0.15253868807572202,-0.3563888999170403,False
2007-04-21,1.162261111111111,1.0591869528414795,Saturday,0.7366496031746033,0.21731577538348854,1.9584933822013058,False
2007-04-22,1.5511902777777775,1.080592184322961,Sunday,0.8862081349206348,0.35030075952638473,1.8983177306158714,False
2007-04-23,0.7323375,1.0362897769155535,Monday,0.8963446428571428,0.34367471237673447,-0.4772162075089162,False
2007-04-24,0.716736111111111,0.9829022222222222,Tuesday,0.8773333333333333,0.3502946572044723,-0.45846323636183595,False
2007-04-25,0.8778902777777778,0.9793855555555556,Wednesday,0.9037138888888887,0.34094757378285667,-0.07574070941345797,False
2007-04-26,0.8857402777777778,0.9833282870370371,Thursday,0.9281988095238095,0.33109356665261364,-0.12823725986370382,False
2007-04-27,0.7599527777777778,0.9546346296296295,Friday,0.9551583333333333,0.30373627457177665,-0.642681075320248,False
2007-04-28,1.0827619047619048,0.9539117394179895,Saturday,0.9438013038548753,0.2960919291347658,0.46931573350579864,False
2007-04-29,,,Sunday,,,,False
2007-04-30,0.73059375,,Monday,,,,False
2007-05-01,1.1554569444444445,,Tuesday,,,,False
2007-05-02,0.6968652777777777,,Wednesday,,,,False
2007-05-03,0.7571097222222223,,Thursday,,,,False
2007-05-04,0.6931444444444445,,Friday,,,,False
2007-05-05,1.0854527777777778,,Saturday,,,,False
2007-05-06,1.4597944444444444,,Sunday,0.9397739087301586,0.2986402802231308,1.74129402546016,False
2007-05-07,1.1414333333333333,,Monday,0.9984652777777777,0.29095061120134685,0.49138255790298807,False
2007-05-08,1.2425638888888888,,Tuesday,1.010909126984127,0.3004905300262464,0.7709220050446441,False
2007-05-09,1.1567611111111111,,Wednesday,1.0766085317460317,0.2690110689667141,0.2979527187225039,False
2007-05-10,0.4915861111111111,,Thursday,1.0386765873015873,0.3327415533244835,-1.6441904256453463,False
2007-05-11,0.6799680555555555,,Friday,1.036794246031746,0.335051288211246,-1.0649897583775763,False
2007-05-12,1.0010875,,Saturday,1.0247420634920634,0.33452621413595274,-0.07071064237270869,False
2007-05-13,1.1352347222222223,,Sunday,0.9783763888888889,0.2826471152797751,0.5549617344513457,False
2007-05-14,1.0192930555555555,,Monday,0.9609277777777778,0.27455775923215,0.2125792326576624,False
2007-05-15,0.62805,,Tuesday,0.8731400793650793,0.2676545456478568,-0.915695561126525,False
2007-05-16,1.1756555555555557,,Wednesday,0.8758392857142857,0.2710650163452248,1.1060677393331642,False
2007-05-17,0.8554277777777778,,Thursday,0.9278166666666666,0.21397509553931904,-0.3383052065308554,False
2007-05-18,1.1330069444444444,,Friday,0.992536507936508,0.19410716977708714,0.7236746415356667,False
2007-05-19,0.9926680555555556,,Saturday,0.9913337301587302,0.19407143498896345,0.006875434279657447,False
2007-05-20,1.3668944444444444,,Sunday,1.024427976190476,0.2375759815396342,1.4415029079731936,False
2007-05-21,0.7778208333333333,,Monday,0.9899319444444445,0.2553145002024617,-0.8307836450452653,False
2007-05-22,0.7867027777777779,,Tuesday,1.012596626984127,0.22280810192800476,-1.0138493495148635,False
2007-05-23,1.0173166666666666,,Wednesday,0.9899767857142858,0.2112317707175357,0.12943072369989447,False
2007-05-24,0.8016583333333333,,Thursday,0.9822954365079365,0.21781511573420964,-0.8293139003035349,False
2007-05-25,1.1209861111111112,,Friday,0.9805781746031746,0.2164721111875937,0.6486190564578536,False
2007-05-26,1.0501722222222225,,Saturday,0.9887930555555556,0.2180924214987806,0.28143649488072675,False
2007-05-27,1.4957,,Sunday,1.0071938492063492,0.25723196130103193,1.8990880772469974,False
2007-05-28,1.1371305555555555,,Monday,1.0585238095238094,0.2390390152783665,0.32884483706647943,False
2007-05-29,0.7370416666666666,0.9840859027777777,Tuesday,1.0514293650793651,0.2489811511722065,-1.2626967821963917,False
2007-05-30,1.1179625,0.9969981944444444,Wednesday,1.0658073412698414,0.24958818758382023,0.20896485220336417,False
2007-05-31,0.6517708333333333,0.9802086574074074,Thursday,1.0443948412698414,0.2805374739391406,-1.3995421090220674,False
2007-06-01,0.7261417651146629,0.9811845403186369,Friday,0.9879885061274915,0.30148375331072197,-0.8685268713069197,False
2007-06-02,1.0308069444444443,0.9903077810593776,Saturday,0.9852220378735232,0.30090633973277925,0.15149201114008723,False
2007-06-03,1.4639069444444444,1.0159998643927108,Sunday,0.9806801727941581,0.29202592406082983,1.6547392948224307,False
2007-06-04,0.6330680555555556,1.0009203736519703,Monday,0.9086712442227295,0.308689515848414,-0.8928168095041895,False
2007-06-05,1.0131194444444445,0.9860312069853036,Tuesday,0.9481109267624122,0.30063809857646556,0.21623512784923288,False
2007-06-06,1.176954829742877,0.9872152568656217,Wednesday,0.956538402439966,0.306953421132592,0.7180777672704274,False
2007-06-07,0.6840291666666667,0.9685974327915475,Thursday,0.9611467357732993,0.3018144495435946,-0.9181719746211333,False
2007-06-08,1.491698611111111,0.9797620161248809,Friday,1.0705119994870775,0.33889142842502706,1.242836425758737,False
2007-06-09,0.7559300998573467,0.9885734824164222,Saturday,1.031243878831778,0.3595543038818681,-0.7657084785303692,False
2007-06-10,0.9311194444444444,0.9969451953793852,Sunday,0.955131378831778,0.3049457793505076,-0.07874165183881451,False
2007-06-11,0.5518430555555556,0.9819703805645703,Monday,0.9435278074032066,0.32039708630179187,-1.2224978584190718,False
2007-06-12,0.6380319444444444,0.9653969546386443,Tuesday,0.889943878831778,0.3377158129736871,-0.7459287504756582,False
2007-06-13,0.643938888888889,0.9528851490830889,Wednesday,0.8137987444240654,0.321939026491818,-0.5276149878010935,False
2007-06-14,0.8743638888888889,0.9610956120460518,Thursday,0.84098941902724,0.31715429593655686,0.1052310193784199,False
2007-06-15,0.687225,0.9448145935275333,Friday,0.7260646174399384,0.13619113917778292,-0.28518461387739413,False
2007-06-16,1.4012236111111112,0.9630077879719778,Saturday,0.8182494047619048,0.29061705414030314,2.0059875979190127,False
2007-06-17,1.3521458333333334,0.9703124176016072,Sunday,0.8783960317460318,0.3544319554732479,1.3366452834500688,False
2007-06-18,0.4711625,0.9529288990830889,Monday,0.8668702380952381,0.3678778017331448,-1.0756499474308616,False
2007-06-19,0.5857858136300418,0.9268919447226087,Tuesday,0.8594065051217521,0.37377711716892936,-0.7320423828087016,False
2007-06-20,0.7460319444444445,0.9258323150929791,Wednesday,0.8739912273439743,0.36587668651753374,-0.3497333599401054,False
2007-06-21,0.5603791666666667,0.9182881947226087,Thursday,0.8291362670265139,0.3845913658010649,-0.6988121009946581,False
2007-06-22,0.3932597222222222,0.8974862965744606,Friday,0.7871412273439742,0.4173263277476954,-0.9438213669564659,False
2007-06-23,0.3316430555555555,0.8818191206485346,Saturday,0.634344005121752,0.3444609449574635,-0.87876711132978,False
2007-06-24,0.4962888888888888,0.8609958799077939,Sunday,0.5120787273439742,0.1360748685403073,-0.1160378740355589,False
2007-06-25,0.7445847222222223,0.8508096299077939,Monday,0.5511390448042917,0.15958443965663158,1.2121838309183293,False
2007-06-26,0.6561861111111111,0.8228258336114976,Tuesday,0.5611962301587302,0.16428106960935185,0.5782156226414875,False
2007-06-27,1.0283513888888889,0.8191998613892755,Wednesday,0.6015275793650794,0.23615425606405901,1.8073941017943358,False
2007-06-28,0.8996097222222222,0.8246187965744605,Thursday,0.6499890873015872,0.2599144550633795,0.9603953533856577,False
2007-06-29,0.906322446143155,0.8175641281125657,Friday,0.723283762147435,0.24749585927209586,0.7395626114071192,False
2007-06-30,0.9273013888888888,0.8267484799644176,Saturday,0.8083778097664825,0.1848778752406927,0.6432547916703365,False
2007-07-01,0.7129611111111112,0.8263091248309659,Sunday,0.839330984369657,0.13544810275693905,-0.9329763258870889,False
2007-07-02,0.67155,0.8143338933494844,Monday,0.8288974526236252,0.1463379226738569,-1.0752336082718987,False
2007-07-03,0.73605,0.7900719952013363,Tuesday,0.8403065796077522,0.13314715568176372,-0.7830177000321126,False
2007-07-04,0.6968125,0.792196810016151,Wednesday,0.792943881195054,0.11246933995185367,-0.8547341100801904,False
2007-07-05,0.7342291666666666,0.7829004674235585,Thursday,0.7693180875442602,0.10332689530154703,-0.3395913597828607,False
2007-07-06,0.7427250000000001,0.7684261397654626,Friday,0.7459470238095237,0.08383737774736993,-0.038431829526355994,False
2007-07-07,0.943198611111111,0.777065121246944,Saturday,0.7482180555555554,0.08958693664875378,2.1764395887318013,False
2007-07-08,0.7563055555555555,0.7525520193950922,Sunday,0.754410119047619,0.08823158852447174,0.021482515951877355,False
2007-07-09,0.8195541666666666,0.7546728216220695,Monday,0.7755535714285714,0.08262113111750771,0.5325586159733815,False
2007-07-10,0.6307805555555556,0.7446615253257731,Tuesday,0.7605150793650793,0.098972309349104,-1.3108163754360074,False
2007-07-11,0.5016333333333333,0.7429878679183658,Wednesday,0.7326323412698412,0.13921968151823683,-1.6592410312779566,False
2007-07-12,0.7427652777777779,0.746478979029477,Thursday,0.7338517857142858,0.1392733736037929,0.06399997237698403,False
2007-07-13,0.5516541666666667,0.7434028216220695,Friday,0.7065559523809524,0.15507215331538576,-0.9989013656065407,False
2007-07-14,0.8945625,0.7440761086591066,Saturday,0.6996079365079365,0.14334865767769162,1.3600027140149704,False
2007-07-15,0.700018320610687,0.7445025526794627,Sunday,0.6915669029443839,0.14120078305497435,0.05985390083150357,False
2007-07-16,0.5928291666666666,0.7175560711979813,Monday,0.6591776172300982,0.1326969648601571,-0.49999975985398715,False
2007-07-17,0.4997444444444444,0.6891426915683517,Tuesday,0.6404581727856538,0.14595120598404243,-0.9641148724498673,False
2007-07-18,0.5257513888888888,0.6909623211979813,Wednesday,0.6439036092935903,0.14236850082505573,-0.8299042254430171,False
2007-07-19,0.4707541666666666,0.6871279329658688,Thursday,0.60504487913486,0.1479019009246426,-0.9079715110397117,False
2007-07-20,0.771126388888889,0.6879644144473502,Friday,0.6363980537380346,0.15763945285744796,0.8546612710758903,False
2007-07-21,0.7362833333333334,0.6938278866695724,Saturday,0.6137867442142252,0.12168981819951512,1.0066297323106388,False
2007-07-22,0.9560625434329396,0.7125879807099298,Sunday,0.6503644903316897,0.17757711400325102,1.7214946577837347,False
2007-07-23,0.6882069444444444,0.7244734436728927,Monday,0.6639898871570866,0.1760795115375589,0.13753478230311955,False
2007-07-24,0.5731138888888889,0.727034277006226,Tuesday,0.6744712363634359,0.1666017392570797,-0.6083810884959882,False
2007-07-25,0.3281666666666666,0.7131536751543741,Wednesday,0.6462448474745469,0.20767321922231888,-1.531628305272094,False
2007-07-26,0.6420138888888889,0.7126812677469668,Thursday,0.6707105220777215,0.19313205034232814,-0.14858555655556716,False
2007-07-27,0.8350791666666666,0.7062388603395593,Friday,0.6798466331888326,0.20006222304969537,0.7759212664515591,False
2007-07-28,1.1262930555555557,0.7137949714506706,Saturday,0.7355623077920072,0.262852623693378,1.4865012274686007,False
2007-07-29,0.2229972222222222,0.6910174639866394,Sunday,0.6308386904761905,0.30328269858237356,-1.3447567901510078,False
2007-07-30,0.3241777777777778,0.670913343616269,Monday,0.5788345238095237,0.3224130727589574,-0.7898462176257118,False
2007-07-31,0.5641194444444444,0.6659519547273801,Tuesday,0.5775496031746031,0.32245759092341525,-0.041649379974895505,False
2007-08-01,0.7472431289640592,0.6684750590261821,Wednesday,0.6374176692170879,0.30697126196020924,0.3577711445874934,False
2007-08-02,0.7079277777777778,0.6675376516187747,Thursday,0.6468339390583576,0.30814445238842236,0.19826363332483485,False
2007-08-03,0.7384472222222223,0.6689254756928487,Friday,0.6330293755662941,0.3003722100297334,0.3509573893187155,False
2007-08-04,0.7951319444444445,0.6709555682854413,Saturday,0.5857206454075641,0.22680467387328504,0.923311215155459,False
2007-08-05,0.5465958333333333,0.6644179293965525,Sunday,0.631949018423437,0.1651490197948972,-0.5168252599749366,False
2007-08-06,0.75675,0.6582029756928488,Monday,0.6937450501694687,0.09812075391433277,0.6421164464914286,False
2007-08-07,1.0302638888888889,0.6673349201372931,Tuesday,0.7603371136615323,0.1432752041846237,1.8839741095711877,False
2007-08-08,0.7815847222222222,0.666069271989145,Wednesday,0.7652430555555556,0.14334005917054476,0.11400627822556857,False
2007-08-09,0.7442222222222222,0.669850660878034,Thursday,0.7704279761904761,0.1415667604179754,-0.18511233774709163,False
2007-08-10,0.7138958333333333,0.6769260775447007,Friday,0.766920634920635,0.14278999170320208,-0.37134816631628553,False
2007-08-11,0.7580902777777778,0.677436910878034,Saturday,0.7616289682539683,0.14225562405580988,-0.024875575216640883,False
2007-08-12,0.8624333333333334,0.6877962164335896,Sunday,0.8067486111111111,0.10885140571547762,0.5115664042757004,False
2007-08-13,0.8007027777777778,0.6846675590261821,Monday,0.8130275793650794,0.10673369043927905,-0.11547245800812299,False
2007-08-14,0.6536041666666667,0.6831204205613816,Tuesday,0.7592190476190476,0.06621831036926842,-1.5949498010960461,False
2007-08-15,0.8276805555555555,0.690948800191011,Wednesday,0.7658041666666666,0.07093705647420923,0.872271728830269,False
2007-08-16,0.6656222222222222,0.6964780594502702,Thursday,0.7545755952380953,0.08049893564485984,-1.1050254553465395,False
2007-08-17,0.7013138888888888,0.7023301427836036,Friday,0.7527781746031745,0.08169029229123129,-0.6299926744148762,False
2007-08-18,0.2416388888888888,0.6946929668576778,Saturday,0.6789994047619047,0.20943249745168294,-2.0883125646434935,False
2007-08-19,0.9877041666666668,0.701912226116937,Sunday,0.6968952380952381,0.23186944022077094,1.2541925675696608,False
2007-08-20,0.929751388888889,0.7083611613021222,Monday,0.715330753968254,0.2461867610164846,0.8709673665444482,False
2007-08-21,0.4462194444444444,0.691366391335839,Tuesday,0.685704365079365,0.2664939626277599,-0.8986504544924134,False
2007-08-22,0.8401444444444445,0.6964309746691725,Wednesday,0.6874849206349207,0.2676398386849483,0.570391629884468,False
2007-08-23,0.7724388888888888,0.703075141335839,Thursday,0.7027444444444443,0.26922596679486815,0.2588696969841209,False
2007-08-24,1.1509478804725504,0.7305011817960352,Friday,0.7669778718135388,0.3180404765688709,1.2072991865733913,False
2007-08-25,0.7992222222222223,0.7357414595738129,Saturday,0.8466326337183008,0.2189151098451826,-0.21656984540540522,False
2007-08-26,0.9131291666666668,0.7383431262404796,Sunday,0.8359790622897295,0.21262998899012164,0.36283736242173015,False
2007-08-27,0.8414791666666667,0.7288493299441832,Monday,0.8233687448294119,0.2087234751510649,0.08676753692485822,False
2007-08-28,0.6923638888888889,0.7444948854997389,Tuesday,0.8585322368929039,0.14586427124514045,-1.139198424573427,False
2007-08-29,0.5194388888888889,0.7510035892034426,Wednesday,0.8127171575278246,0.19476967210190424,-1.505769689264001,False
2007-08-30,0.8350402777777778,0.7600342836478869,Thursday,0.8216602130833802,0.19404788330828518,0.06895238673199318,False
2007-08-31,0.8887652777777777,0.7647516886083443,Friday,0.7842055555555555,0.13673590623162768,0.7646837257589114,False
2007-09-01,1.1815875,0.7805403460157516,Saturday,0.8388291666666666,0.20370770954763104,1.6825987297902905,False
2007-09-02,1.1544916666666667,0.7944084941638999,Sunday,0.8733095238095238,0.23621354896230715,1.190372627194266,False
2007-09-03,0.7214736111111111,0.7919532163861221,Monday,0.856165873015873,0.2431613605857864,-0.553921320312908,False
2007-09-04,1.1006555555555555,0.8104218737935295,Tuesday,0.914493253968254,0.2462702495818549,0.7559268807474254,False
2007-09-05,0.8587305555555554,0.8138212256453812,Wednesday,0.9629634920634921,0.18004175176589693,-0.5789375824529174,False
2007-09-06,0.6260236111111112,0.8003465497194553,Thursday,0.9331039682539684,0.21810287739263934,-1.4079610540398158,False
2007-09-07,0.9281222222222224,0.8052311330527887,Friday,0.9387263888888889,0.21727509743238008,-0.04880525560443821,False
2007-09-08,1.020661111111111,0.8144457626824183,Saturday,0.9157369047619047,0.19462912275146824,0.5390981825633018,False
2007-09-09,1.1663208333333333,0.8295265960157517,Sunday,0.9174267857142857,0.19708350665842778,1.2628862345666216,False
2007-09-10,0.7759555555555555,0.830122105275011,Monday,0.9252099206349207,0.1889637855877451,-0.789856980347481,False
2007-09-11,0.6830361111111111,0.8241421978676036,Tuesday,0.8655499999999999,0.19026109861508805,-0.9592811679182387,False
2007-09-12,0.8942805555555555,0.8272614571268627,Wednesday,0.8706285714285714,0.19052301289828302,0.1241424002653763,False
2007-09-13,0.7960986111111111,0.8320112719416777,Thursday,0.8949249999999999,0.16298518539362528,-0.6063519739552602,False
2007-09-14,0.7885208333333333,0.8307059478676035,Friday,0.8749819444444444,0.1667436839449891,-0.5185270534123244,False
2007-09-15,0.7606333333333333,0.8338729849046407,Saturday,0.837835119047619,0.15759373698225243,-0.4898785141631603,False
2007-09-16,1.1473777777777778,0.8487417812009369,Sunday,0.8351289682539683,0.15103931383103647,2.06733466674189,False
2007-09-17,1.0147125,0.8745109015713072,Monday,0.8692371031746031,0.16200948735848467,0.8979436895784859,False
2007-09-18,0.8107777777777778,0.8686133552750109,Tuesday,0.8874859126984127,0.1436999152760847,-0.5338077950377266,False
2007-09-19,0.9018638888888888,0.8676837719416776,Wednesday,0.8885692460317459,0.14378823413393016,0.09245987988669305,False
2007-09-20,0.8718972222222222,0.8818730312009369,Thursday,0.8993976190476191,0.13841766510107936,-0.19867693047209478,False
2007-09-21,0.8602638888888888,0.882543679349085,Friday,0.909646626984127,0.1313133606760523,-0.37606788708320793,False
2007-09-22,0.8167861111111111,0.8840219200898257,Saturday,0.9176684523809524,0.1220838906223223,-0.8263362246697238,False
2007-09-23,0.9847013888888888,0.8784803703703703,Sunday,0.8944289682539682,0.0789233627663493,1.1437984580328882,False
2007-09-24,0.9406458333333332,0.8831944907407407,Monday,0.8838480158730159,0.06358400988396146,0.8932720280455935,False
2007-09-25,1.2252375,0.8935981018518518,Tuesday,0.9430565476190476,0.13596906905254258,2.075331943854886,False
2007-09-26,1.267221140472879,0.9077895009787257,Wednesday,0.9952504407024748,0.18038937387149154,1.5076869215375999,False
2007-09-27,0.9670833333333332,0.9169468157935403,Thursday,1.0088484565754905,0.17297638779749724,-0.2414498520517816,False
2007-09-28,1.1670125,0.9385326028305774,Friday,1.052669686734221,0.1678398908693572,0.6812612464981939,False
2007-09-29,1.5948069444444444,0.963858158386133,Saturday,1.1638155200675542,0.23123557428140887,1.8638629705496033,False
2007-09-30,1.0529791666666666,0.9693319546824293,Sunday,1.1735694883215224,0.22373950286361302,-0.5389764440853576,False
2007-10-01,1.1950847222222225,0.9697818620898367,Monday,1.209917901019935,0.19887903247402527,-0.07458392477673485,False
2007-10-02,1.526988888888889,0.9821984361639108,Tuesday,1.2530252422897763,0.23259723360443946,1.1778456792182745,False
2007-10-03,0.8892041666666667,0.9877894546824293,Wednesday,1.1990228174603175,0.26967859166445113,-1.148844069829407,False
2007-10-04,1.0544847222222222,0.9862504269046515,Thursday,1.2115087301587302,0.2589605206008917,-0.6063627288520644,False
2007-10-05,0.9681194444444444,0.9898967232009479,Friday,1.1830954365079367,0.2750668193030186,-0.7815409819628985,False
2007-10-06,1.2196111111111112,1.0096829732009478,Saturday,1.1294960317460316,0.21043102031997515,0.4282404715238906,False
2007-10-07,1.4625791666666668,1.0274982046824295,Sunday,1.1880103174603176,0.24041955639251697,1.142040411879302,False
2007-10-08,0.7605847222222222,1.0188289917194662,Monday,1.1259388888888888,0.289390720630853,-1.2624944084945717,False
2007-10-09,1.172123611111111,1.0190224176453921,Tuesday,1.0752438492063492,0.23301786478412265,0.4157610919425225,False
2007-10-10,0.8103972222222222,1.0201704732009478,Wednesday,1.0639857142857143,0.24509511928483158,-1.0346533737735926,False
2007-10-11,1.2030875,1.037505519497244,Thursday,1.0852146825396827,0.2505108311930816,0.4705298245945572,False
2007-10-12,1.329516666666667,1.0520133898676145,Friday,1.1368428571428573,0.25943783617792454,0.7426588671965041,False
2007-10-13,1.3380055555555557,1.0700769546824291,Saturday,1.1537563492063492,0.26940098023681913,0.683921811224446,False
2007-10-14,1.431425,1.0915070935713183,Sunday,1.1493057539682539,0.2636446539627972,1.0700738353357844,False
2007-10-15,0.8793958333333333,1.0954658435713183,Monday,1.16627876984127,0.23691832743220767,-1.21089381145503,False
2007-10-16,1.3641958333333333,1.102693112089837,Tuesday,1.193717658730159,0.2485452731151487,0.6859039098450016,False
2007-10-17,1.0950902777777778,1.1053723713490957,Wednesday,1.2343880952380952,0.19229436164206345,-0.7243988657327679,False
2007-10-18,1.054534722222222,1.1134976028305774,Thursday,1.21316626984127,0.20415585407831857,-0.7770119957382823,False
2007-10-19,1.4483666666666668,1.131714362089837,Friday,1.2301448412698412,0.21978837743679622,0.9928724527737088,False
2007-10-20,1.1529486111111111,1.1410827417194662,Saturday,1.2037081349206349,0.2157446844861356,-0.23527589535020835,False
2007-10-21,1.3485694444444445,1.1573595935713181,Sunday,1.191871626984127,0.20306966014096212,0.7716456380118267,False
2007-10-22,1.1478444444444444,1.168394871349096,Monday,1.2302214285714288,0.15352852147119492,-0.5365581804449276,False
2007-10-23,1.359282336578581,1.1808809029387524,Tuesday,1.2295195004636068,0.15282351987048717,0.8491025218169557,False
2007-10-24,1.2955805555555555,1.1927120603461598,Wednesday,1.2581609687175752,0.14182188389865133,0.2638491734090986,False
2007-10-25,1.2874430555555554,1.1947855788646784,Thursday,1.2914335877651941,0.10979147099172487,-0.03634646820552676,False
2007-10-26,0.9983111111111111,1.185821911219286,Friday,1.2271399369715434,0.1320871448166298,-1.7324079960854954,False
2007-10-27,1.2400611111111113,1.1949211704785452,Saturday,1.2395845798286864,0.12797174356876564,0.003723722668268557,False
2007-10-28,0.3556652777777778,1.1678762630711381,Sunday,1.0977411274477338,0.3480563364005879,-2.1320567162893993,False
2007-10-29,0.3787694444444444,1.1273416797378044,Monday,0.9878732703048767,0.4390847671019726,-1.3872123824304174,False
2007-10-30,0.5632,1.1110157075155824,Tuesday,0.8741472222222223,0.4298526860292966,-0.7233808984528007,False
2007-10-31,0.8911180555555556,1.10088348529336,Wednesday,0.8163668650793651,0.389005560619703,0.19215969652749582,False
2007-11-01,0.3445944444444444,1.061470337145212,Thursday,0.6816742063492064,0.36092788074301746,-0.9339255288642124,False
2007-11-02,1.002501388888889,1.065246911219286,Friday,0.6822728174603175,0.36154350910095406,0.8857262358958676,False
2007-11-03,0.3420486111111111,1.0414990408489158,Saturday,0.5539853174603174,0.2809813769915846,-0.7542731430046121,False
2007-11-04,1.0317263888888888,1.0436192723303972,Sunday,0.6505654761904761,0.31551936260293106,1.2080428584602871,False
2007-11-05,1.042077777777778,1.0377014945526193,Monday,0.7453238095238096,0.31986184943208396,0.9277566823954041,False
2007-11-06,1.4460958333333334,1.037152050108175,Tuesday,0.8714517857142858,0.40008834421203643,1.4362928986366599,False
2007-11-07,1.2810819444444446,1.0545019575155825,Wednesday,0.9271609126984127,0.42936186292614614,0.8242954540350251,False
2007-11-08,1.0424027777777778,1.0501779297378047,Thursday,1.0268478174603175,0.3441037393670864,0.045204275739841385,False
2007-11-09,1.5077958333333334,1.073424550108175,Friday,1.0990327380952383,0.388305701455479,1.0526837327032184,False
2007-11-10,1.813611111111111,1.093775337145212,Saturday,1.3092559523809526,0.2980292464956979,1.6923008887902513,False
2007-11-11,1.3105027777777778,1.0931415408489156,Sunday,1.3490811507936509,0.27227595118493303,-0.1416885070017447,False
2007-11-12,1.4973236111111112,1.0984521427007676,Monday,1.4141162698412697,0.23906866189201983,0.3480478813547875,False
2007-11-13,1.537776388888889,1.101997188997064,Tuesday,1.4272134920634922,0.2435813767324334,0.453905377777902,False
2007-11-14,1.4222180555555557,1.120091263071138,Wednesday,1.4473757936507938,0.23516526773189805,-0.10697896988733645,False
2007-11-15,1.0361027777777778,1.1091548278859527,Thursday,1.446475793650794,0.23697851480830204,-1.7316886984669362,False
2007-11-16,1.6039958333333333,1.1261183464044713,Friday,1.4602186507936508,0.2438179825410305,0.5896906415238967,False
2007-11-17,1.8125652777777777,1.1513860315896565,Saturday,1.4600692460317461,0.2435655318894873,1.4472328207177079,False
2007-11-18,1.5165680555555556,1.1536594112192862,Sunday,1.4895071428571427,0.23476969871655662,0.11526578108823257,False
2007-11-19,1.1969819444444445,1.1551271889970638,Monday,1.4466011904761906,0.2592695887473062,-0.9627787325070135,False
2007-11-20,1.4554555555555555,1.158690059367434,Tuesday,1.4348410714285715,0.2562946540183936,0.08043275114706264,False
2007-11-21,1.217398193189715,1.161008517658943,Wednesday,1.4055810910905941,0.2693358305448993,-0.6986924001910999,False
2007-11-22,1.3419291666666666,1.1604300786618793,Thursday,1.4492705752175783,0.21963101025859869,-0.48873521286691435,False
2007-11-23,1.7518180555555556,1.1756379953285463,Friday,1.470388035535039,0.24286488920499652,1.1587925325136983,False
2007-11-24,1.3187875,1.176682810143361,Saturday,1.399848352995356,0.19363481781754419,-0.4186274653959034,False
2007-11-25,0.9691652777777776,1.175711282365583,Sunday,1.3216479561699592,0.24290737737355186,-1.4510991070070336,False
2007-11-26,1.0900805555555555,1.1707119305137312,Monday,1.3063763291858324,0.25510561613690913,-0.8478675495493445,False
2007-11-27,1.9451472222222224,1.223694661995213,Tuesday,1.3763322815667844,0.35166746685099687,1.6174795631477832,False
2007-11-28,1.1423194444444444,1.2491463286618796,Wednesday,1.365606746031746,0.3584031126982077,-0.6230060333636668,False
2007-11-29,1.194739402362752,1.2701976420739711,Thursday,1.3445796368454725,0.3642931038951495,-0.4113177902095215,False
2007-11-30,1.6192555555555557,1.294468892073971,Friday,1.3256421368454725,0.3423813959060282,0.8575624208000773,False
2007-12-01,2.177043055555556,1.3555505124443417,Saturday,1.4482500733534092,0.46956677147599113,1.5520539920474545,False
2007-12-02,2.045963888888889,1.3903325957776749,Sunday,1.602078446369282,0.46279136817857386,0.9591480590198223,False
2007-12-03,1.2236527777777777,1.4197194013332302,Monday,1.6211601924010282,0.44037303467126215,-0.902660661136959,False
2007-12-04,1.4358583333333332,1.4331904661480452,Tuesday,1.5484046368454727,0.4195009029441337,-0.26828620086934024,False
2007-12-05,1.4952222222222222,1.4482952809628602,Wednesday,1.5988193193851552,0.3821033345519686,-0.2711232480721601,False
2007-12-06,1.7277319444444446,1.4576831513332305,Thursday,1.6749611111111111,0.3388147547167367,0.15575128473213054,False
2007-12-07,1.2284833333333334,1.4559298642961933,Friday,1.619136507936508,0.37929698587759936,-1.0299400974655781,False
2007-12-08,1.5370861111111112,1.4724193087406379,Saturday,1.5277140873015875,0.28872228864278093,0.03246034053546546,False
2007-12-09,1.5795722222222222,1.474811855036934,Sunday,1.4610867063492063,0.1840268611819592,0.6438490289516026,False
2007-12-10,1.2213569444444443,1.4550700494813784,Monday,1.4607587301587301,0.18452192694739808,-1.2974164625027595,False
2007-12-11,1.6007666666666664,1.4647455124443416,Tuesday,1.4843170634920635,0.19121858181294457,0.6089868571900467,False
2007-12-12,1.1028208333333334,1.451595419851749,Wednesday,1.4282597222222222,0.23902954794683542,-1.361500666692774,False
2007-12-13,1.2831569444444446,1.443108105036934,Thursday,1.3647490079365079,0.2024626209050904,-0.402998159004924,False
2007-12-14,1.3713944444444444,1.4414139846665637,Friday,1.3851648809523809,0.19343597124840012,-0.07118860271471052,False
2007-12-15,1.9006083333333332,1.4702308365184156,Saturday,1.437096626984127,0.27332166597405105,1.6958469234312792,False
2007-12-16,1.9182069444444445,1.4807045402221193,Sunday,1.4854730158730158,0.327366847196383,1.3218624068913043,False
2007-12-17,1.248829742876998,1.4619133557254265,Monday,1.4893977013633806,0.32381816740104247,-0.742910629187904,False
2007-12-18,1.8216625,1.4720831705402415,Tuesday,1.5209542489824284,0.34645234721163165,0.8679642480063294,False
2007-12-19,1.5250361111111113,1.4830183094291303,Wednesday,1.5812707172363967,0.29436087467832456,-0.1910396759988507,False
2007-12-20,1.353998611111111,1.4796364112809823,Thursday,1.5913909553316348,0.2834177721459292,-0.8376057098433917,False
2007-12-21,1.3767888888888888,1.4849494344709548,Friday,1.5921615902522697,0.2827263772568405,-0.7617708098304786,False
2007-12-22,1.8133777777777775,1.5006643881746584,Saturday,1.5797000823157616,0.2684260948648334,0.8705476104314108,False
2007-12-23,1.67295,1.498035452989473,Sunday,1.5446633759665553,0.23015613045771532,0.5573895588977745,False
2007-12-24,1.56795,1.5063408696561398,Monday,1.5902519841269842,0.18987168753199543,-0.11745818672005076,False
2007-12-25,1.8715055555555555,1.536418878915399,Tuesday,1.5973724206349205,0.20062626391284227,1.366387080007263,False
2007-12-26,1.7918611111111111,1.5598115641005843,Wednesday,1.6354902777777778,0.20973312345503484,0.7455705172237996,False
2007-12-27,1.7584708333333332,1.553589017804288,Thursday,1.6932720238095236,0.1714853958144662,0.380200361751794,False
2007-12-28,2.1618416666666667,1.587573091878362,Friday,1.8054224206349205,0.18609827190102457,1.9152206110828687,False
2007-12-29,2.290941666666667,1.6241131673551592,Saturday,1.8736458333333332,0.26168683991421443,1.5946382075236591,False
2007-12-30,1.777025,1.6293721488366408,Sunday,1.8885136904761903,0.2511272614931356,-0.44395295760925474,False
2007-12-31,1.5392652777777778,1.6081128895773813,Monday,1.884415873015873,0.2573859741566252,-1.3409844742668977,False
2008-01-01,1.916484722222222,1.603796917355159,Tuesday,1.8908414682539683,0.2575713347885966,0.09955787195535837,False
2008-01-02,1.141740277777778,1.6010665006884925,Wednesday,1.7979670634920635,0.38493156363225706,-1.7047881953925952,False
2008-01-03,1.048686111111111,1.5881607599477519,Thursday,1.696569246031746,0.4790485750920585,-1.3524372445865886,False
2008-01-04,1.5915638888888888,1.5913721488366406,Friday,1.6151009920634922,0.4330152785178136,-0.0543562879701834,False
2008-01-05,1.5161444444444443,1.584319232169974,Saturday,1.5044156746031747,0.3141885031152275,0.03733035972028581,False
2008-01-06,1.2674888888888889,1.5856194173551592,Sunday,1.4316248015873014,0.29916978793360327,-0.5486379952739089,False
2008-01-07,1.177648611111111,1.5736381673551592,Monday,1.3799652777777778,0.30855897882633954,-0.655682318616088,False
2008-01-08,1.4191319444444443,1.5682901580958999,Tuesday,1.308914880952381,0.20395900804393588,0.5403883091465171,False
2008-01-09,1.2419722222222225,1.568977334021826,Wednesday,1.32323373015873,0.19351762507444267,-0.41991786487276156,False
2008-01-10,1.3153305555555557,1.5594627969847887,Thursday,1.3613257936507936,0.1523282941671396,-0.30194809406038836,False
2008-01-11,1.1845958333333333,1.562188630318122,Friday,1.3031875,0.12502461442837737,-0.9485465498844153,False
2008-01-12,1.994033333333333,1.5858845099477519,Saturday,1.3714573412698414,0.28667020306025165,2.1717499252360044,False
2008-01-13,2.0025406532314105,1.6069227169073173,Sunday,1.4764647361759156,0.3659120269014598,1.437711467180518,False
2008-01-14,1.4062027777777777,1.590442531722132,Monday,1.509115331414011,0.3443672712865804,-0.2988453381523304,False
2008-01-15,1.865911111111111,1.5886993372776876,Tuesday,1.5729409266521064,0.36565538817919324,0.8012193828672137,False
2008-01-16,1.4832305555555554,1.5965126977003061,Wednesday,1.6074064028425823,0.3397096214548268,-0.36553526731223096,False
2008-01-17,1.0918625,1.5721860310336393,Thursday,1.5754823949060746,0.3798593995731636,-1.2731550027444456,False
2008-01-18,1.5187416666666669,1.5719762162188249,Friday,1.6232175139536937,0.3416225245681877,-0.3058224788283055,False
2008-01-19,1.3752125,1.5726833458484542,Saturday,1.5348145377632174,0.30809419755509077,-0.5180300019596402,False
2008-01-20,1.208588888888889,1.5670766791817876,Sunday,1.4213928571428571,0.24736488529160472,-0.860283657492879,False
2008-01-21,1.2909708333333334,1.5496631143669728,Monday,1.4049311507936508,0.25232867791960495,-0.45163442538476184,False
2008-01-22,1.6145958333333337,1.5477179754780839,Tuesday,1.3690289682539682,0.18459530443482933,1.3302985459527865,False
2008-01-23,1.3071583333333334,1.5390249199225283,Wednesday,1.3438757936507937,0.17833010406326033,-0.20589602922249856,False
2008-01-24,1.142376388888889,1.514720614366973,Thursday,1.3510920634920633,0.1671010393848615,-1.2490387574578006,False
2008-01-25,1.5554555555555558,1.5068404291817878,Friday,1.356336904761905,0.1736865150710558,1.1464255052396595,False
2008-01-26,1.9687416666666664,1.5138494569595655,Saturday,1.4411267857142858,0.29021832874285414,1.8179929683899116,False
2008-01-27,1.6540041666666667,1.4969215402928988,Sunday,1.50475753968254,0.27936262752229396,0.5342397739734049,False
2008-01-28,1.6029138888888887,1.4739872810336396,Monday,1.5493208333333335,0.2640358463756355,0.20297643782545388,False
2008-01-29,1.85835,1.4766981143669728,Tuesday,1.5841428571428573,0.28897513037691974,0.948895299396475,False
2008-01-30,1.1393375,1.463367188441047,Wednesday,1.5601684523809525,0.32097448771549036,-1.311104054955216,False
2008-01-31,1.3568902777777778,1.4447140402928988,Thursday,1.5908132936507935,0.2823549168638634,-0.8284715508807696,False
2008-02-01,1.0657305555555556,1.4421803828854916,Friday,1.5208525793650793,0.34606020571137713,-1.3151527286240674,False
2008-02-02,2.040329395413482,1.475235159028904,Saturday,1.5310793977574815,0.36218443944324896,1.4060515643323082,False
2008-02-03,1.4476166666666668,1.470436918288163,Sunday,1.501595469186053,0.35889548697140417,-0.150402566983761,False
2008-02-04,1.130651388888889,1.4575871497696447,Monday,1.4341293977574814,0.38041823834411526,-0.7977483156159171,False
2008-02-05,1.7169833333333335,1.4725702979177926,Tuesday,1.4139341596622435,0.357187278702345,0.8484321579762367,False
2008-02-06,1.1594027777777778,1.4719621034733483,Wednesday,1.4168006279162118,0.35468810119721544,-0.725701959748896,False
2008-02-07,1.0543819444444444,1.459803770140015,Thursday,1.3735851517257356,0.3806807291297237,-0.8385063462787394,False
2008-02-08,1.3545583333333333,1.4635566405103855,Friday,1.4148462628368466,0.35664574337115845,-0.169041494603714,False
2008-02-09,1.4599138888888887,1.4683760849548297,Saturday,1.3319297619047619,0.23304256995984673,0.549187760013883,False
2008-02-10,1.5171625,1.4794616405103853,Sunday,1.341864880952381,0.24017000842333086,0.7298897151997186,False
2008-02-11,1.1750111111111112,1.4521608997696445,Monday,1.348201984126984,0.23417860947734123,-0.7395674327489359,False
2008-02-12,1.3804152777777778,1.4314233872545232,Tuesday,1.3001208333333332,0.17218844335704356,0.46631726775036286,False
2008-02-13,1.319790277777778,1.4285429705878567,Wednesday,1.3230333333333333,0.16062565042462215,-0.0201901473829503,False
2008-02-14,1.1143208333333334,1.4034899613285978,Thursday,1.331596031746032,0.1447283073679614,-1.5012626234914217,False
2008-02-15,1.3925055555555557,1.4004657946619308,Friday,1.3370170634920637,0.1464324004570864,0.378935890487935,False
2008-02-16,1.629825,1.4183978779952644,Saturday,1.3612900793650795,0.1803530289525534,1.4889404530353951,False
2008-02-17,1.3426166666666666,1.412527044661931,Sunday,1.3363549603174605,0.16676503131049708,0.03754807767551411,False
2008-02-18,1.0516694444444443,1.4017422761434124,Monday,1.3187347222222223,0.19135662593936154,-1.3956416532051916,False
2008-02-19,1.477025,1.4106901465137829,Tuesday,1.3325361111111111,0.1998424890190055,0.7230138575543245,False
2008-02-20,1.5651319444444445,1.4198288502174867,Wednesday,1.3675849206349207,0.21793024670647898,0.9064690505104211,False
2008-02-21,1.1346180555555554,1.403829590958227,Thursday,1.3704845238095236,0.21410027362410147,-1.1016635535369836,False
2008-02-22,1.2031694444444443,1.400363294661931,Friday,1.3434365079365078,0.2226438886056256,-0.6300063494692275,False
2008-02-23,1.2753616133518777,1.404796135477364,Saturday,1.2927988812724904,0.18352495064148722,-0.09501306421640798,False
2008-02-24,0.8770888888888889,1.3821839132551417,Sunday,1.2262949130185221,0.23855886293850762,-1.4638149252901438,False
2008-02-25,0.3503388888888888,1.3282371539958824,Monday,1.1261048336534427,0.40987813726177497,-1.8926746128669438,False
2008-02-26,0.3521666666666667,1.284842570662549,Tuesday,0.9654107860343952,0.4660253585768163,-1.3159028968734663,False
2008-02-27,0.3935555555555555,1.2445306262181046,Wednesday,0.7980427304788397,0.42315211678900305,-0.9558907042522824,False
2008-02-28,0.3535999999999999,1.1943722928847713,Thursday,0.6864687225423316,0.4225816213376146,-0.7877027909748865,False
2008-02-29,0.9259361111111112,1.1872589132551417,Friday,0.6468639606375698,0.37657150586332183,0.7410867421679849,False
2008-03-01,0.7929694444444444,1.1684615521440305,Saturday,0.5779507936507936,0.27200825202281215,0.7904857635555046,False
2008-03-02,0.8071013888888889,1.1598405799218083,Sunday,0.5679525793650794,0.260210677549305,0.9190584021230082,False
2008-03-03,0.7226041666666666,1.1159164056302477,Monday,0.6211333333333334,0.24597480470155872,0.41252531313704166,False
2008-03-04,1.1590208333333334,1.1062965445191366,Tuesday,0.7363982142857142,0.28489751745131264,1.4834198024201564,False
2008-03-05,1.4147277777777778,1.1157657574820994,Wednesday,0.8822799603174604,0.33680337834429924,1.5808862134275254,False
2008-03-06,1.7383388888888889,1.1164776093339515,Thursday,1.0800998015873016,0.3785993166771024,1.7386166807664434,False
2008-03-07,1.2937194444444444,1.1209548315561737,Friday,1.1326402777777778,0.37915872938545003,0.42483306906252116,False
2008-03-08,1.5615694444444443,1.1378610815561738,Saturday,1.2424402777777777,0.3756726694466725,0.8494873133483769,False
2008-03-09,1.083651388888889,1.1288308500746924,Sunday,1.2819474206349208,0.33455143852466734,-0.5927221016310499,False
2008-03-10,1.1240875,1.1176366371117292,Monday,1.3393021825396825,0.2451448170315358,-0.8779083528900268,False
2008-03-11,1.5278069444444444,1.1179914519265444,Tuesday,1.3919859126984129,0.2395062769983267,0.567087566339568,False
2008-03-12,1.2321055555555556,1.1198946000746923,Wednesday,1.3658970238095238,0.2464615134384532,-0.542849333299168,False
2008-03-13,1.1635513888888889,1.1126658037783959,Thursday,1.2837845238095238,0.19126475548835706,-0.6286214865548186,False
2008-03-14,1.5348749999999998,1.1198352945191368,Friday,1.3182353174603174,0.21374945007940055,1.0135215901571124,False
2008-03-15,1.0946527777777777,1.1191796926672848,Saturday,1.2515329365079364,0.19738547978436688,-0.7947907764114256,False
2008-03-16,1.2513611111111111,1.11447487785247,Sunday,1.2754914682539682,0.18328661642686367,-0.13165367779313947,False
2008-03-17,1.1853597222222223,1.0996593685932108,Monday,1.2842446428571428,0.1761761174447776,-0.5612844809451314,False
2008-03-18,1.3316430555555556,1.0992935815561737,Tuesday,1.25622123015873,0.14355891897548712,0.5253719234936834,False
2008-03-19,0.9086444444444444,1.0945260815561737,Wednesday,1.2100125,0.1953357401630138,-1.542820864753447,False
2008-03-20,0.8703291666666667,1.0743028871117295,Thursday,1.168123611111111,0.23447803284548857,-1.2700313152178255,False
2008-03-21,1.4350291666666666,1.0699661278524701,Friday,1.1538599206349207,0.21023301025093835,1.3374172100572437,False
2008-03-22,1.4260527777777778,1.0796806185932109,Saturday,1.2012027777777778,0.2309695342291453,0.9735050155009877,False
2008-03-23,1.6152708333333332,1.0934173315561737,Sunday,1.253189880952381,0.27991053285098766,1.293559583817836,False
2008-03-24,1.3722501737317585,1.096646950235503,Monday,1.2798885168823146,0.28127215206547485,0.3283711386683734,False
2008-03-25,1.3999,1.11407398727254,Tuesday,1.2896395089458068,0.2845296680630839,0.38751843280450793,False
2008-03-26,1.1343555555555556,1.1402078761614292,Wednesday,1.321883953390251,0.244069911320481,-0.7683388616815513,False
2008-03-27,0.9519597222222222,1.160200978013281,Thursday,1.333545461326759,0.21962506144667235,-1.7374416953649456,False
2008-03-28,1.3093222222222225,1.1907265335688362,Friday,1.3155873264061242,0.21503541037355212,-0.0291352209062599,False
2008-03-29,1.716076388888889,1.2361424131984657,Saturday,1.3570192708505686,0.26255602493105484,1.3675447673790995,False
2008-03-30,1.4905499999999998,1.254962876161429,Sunday,1.3392020089458068,0.24580764827926238,0.615717176067062,False
2008-03-31,0.9566458333333332,1.2604187557910587,Monday,1.2798299603174603,0.2837575740283491,-1.138944495458081,False
2008-04-01,1.4785083333333335,1.28279898727254,Tuesday,1.2910597222222222,0.2907701536490431,0.6446624894567414,False
2008-04-02,1.1747722222222223,1.2978712557910586,Wednesday,1.2968335317460318,0.28752302000279434,-0.42452708490131735,False
2008-04-03,0.7838583333333334,1.285365839124392,Thursday,1.2728190476190477,0.32562393025929204,-1.5016117331928225,False
2008-04-04,1.1332763888888888,1.275984126161429,Friday,1.247669642857143,0.3291144399939719,-0.3475789575515113,False
2008-04-05,1.3685847222222225,1.2636589872725401,Saturday,1.1980279761904762,0.2670403836123473,0.6386927090373614,False
2008-04-06,1.1779986111111111,1.2598016261614289,Sunday,1.1533777777777778,0.23407262348923066,0.10518459171482769,False
2008-04-07,1.0686375,1.243370561346614,Monday,1.1693765873015873,0.22189550159647067,-0.45399337335277334,False
2008-04-08,1.8454972222222223,1.2687654224577252,Tuesday,1.2218035714285715,0.3260271557403323,1.9130113544602954,False
2008-04-09,0.8464250000000001,1.2595100057910587,Wednesday,1.1748968253968255,0.35615017010557115,-0.9222846230831752,False
2008-04-10,1.0262125,1.2427901909762438,Thursday,1.2095188492063491,0.3219375707110807,-0.5693847686104813,False
2008-04-11,1.3039333333333334,1.245184450235503,Friday,1.2338984126984127,0.32166323923667245,0.21772746180483055,False
2008-04-12,1.9444541666666668,1.2712145428280957,Saturday,1.3161654761904764,0.4203525159974608,1.494670940615913,False
2008-04-13,1.5506847222222222,1.2717415335688365,Sunday,1.3694063492063493,0.423525773806303,0.4280220572804608,False
2008-04-14,1.1038763888888887,1.27204898727254,Monday,1.374440476190476,0.41954565675287375,-0.6448978387612258,False
2008-04-15,1.1600041666666667,1.2690037557910585,Tuesday,1.2765128968253967,0.36811935244320937,-0.3164971615468221,False
2008-04-16,1.0340722222222225,1.263960839124392,Wednesday,1.303319642857143,0.3371060209429476,-0.7987024968637043,False
2008-04-17,0.9693486111111111,1.2518843576429106,Thursday,1.29519623015873,0.3454777293164499,-0.9431798098601887,False
2008-04-18,1.293326388888889,1.264707089124392,Friday,1.2936809523809525,0.34545628174661624,-0.0010263628447303315,False
2008-04-19,1.565076388888889,1.2878653298651328,Saturday,1.2394841269841272,0.24001003136435087,1.35657772324729,False
2008-04-20,1.2440402777777777,1.2814990335688363,Sunday,1.1956777777777778,0.19806180237116625,0.24417883418716407,False
2008-04-21,0.8084416666666666,1.2609119965317994,Monday,1.1534728174603175,0.24645025372605736,-1.400003228145066,False
2008-04-22,1.1303305555555556,1.2447473206058737,Tuesday,1.14923373015873,0.24657435731282232,-0.07666318107520209,False
2008-04-23,0.9425888888888888,1.2304252777777778,Wednesday,1.1361646825396825,0.25594198547683067,-0.7563268421558653,False
2008-04-24,0.7248416666666666,1.2079233333333335,Thursday,1.101235119047619,0.29604512618819945,-1.2714056712478172,False
2008-04-25,0.8803708333333333,1.1994571759259258,Friday,1.0422414682539682,0.29251111698413246,-0.5533828477685371,False
2008-04-26,0.6271986111111112,1.1886318055555556,Saturday,0.9082589285714285,0.21856406147371962,-1.285940220753595,False
2008-04-27,0.7001666666666667,1.1683266203703704,Sunday,0.8305626984126985,0.17074241785556313,-0.7637002766139709,False
2008-04-28,0.457675,1.1263799074074077,Monday,0.7804531746031745,0.22207242980540984,-1.4534815280132152,False
2008-04-29,1.3698722222222222,1.1223573148148147,Tuesday,0.8146734126984126,0.29231844610659796,1.8992944746338334,False
2008-04-30,0.7650874999999999,1.115972037037037,Wednesday,0.7893160714285715,0.287023771954005,-0.0844131176439775,False
2008-05-01,0.4000097222222222,1.0800220833333334,Thursday,0.742911507936508,0.32316782896635904,-1.0610641127585165,False
2008-05-02,1.0401166666666666,1.0755335648148148,Friday,0.7657323412698412,0.3397094300702816,0.8077029988247859,False
2008-05-03,0.8955555555555554,1.0792568055555556,Saturday,0.8040690476190476,0.3365980621037251,0.27179748856758296,False
2008-05-04,1.0215069444444445,1.0755311574074073,Sunday,0.8499748015873015,0.34193608051516017,0.5016497311389688,False
2008-05-05,0.9492583333333332,1.0615536111111112,Monday,0.920200992063492,0.2952280924690159,0.09842336149934894,False
2008-05-06,1.2430416666666666,1.063721712962963,Tuesday,0.9020823412698411,0.2654184265447842,1.284610604604331,False
2008-05-07,0.81685,1.0553287962962963,Wednesday,0.9094769841269841,0.2616600361665084,-0.35399744448571646,False
2008-05-08,1.4699291666666665,1.042809861111111,Thursday,1.062322619047619,0.22428147802878784,1.817388360383147,False
2008-05-09,1.2133833333333333,1.0550418055555555,Friday,1.087075,0.2308861771740744,0.54705887931136,False
2008-05-10,1.325783333333333,1.0650275,Saturday,1.148536111111111,0.22865922767651836,0.7751588423668244,False
2008-05-11,1.1186944444444444,1.0588528703703703,Sunday,1.1624200396825395,0.22252903405590027,-0.19649388864515985,False
2008-05-12,1.058475,1.0293202314814816,Monday,1.1780224206349206,0.2084776743316212,-0.5734303254206436,False
2008-05-13,1.0256208333333334,1.0118181018518517,Tuesday,1.1469623015873014,0.21331638031301053,-0.5688333360800382,False
2008-05-14,1.1001819444444445,1.0116949537037037,Wednesday,1.1874382936507935,0.1606079062393621,-0.5432880064839796,False
2008-05-15,0.8074777777777778,0.999944074074074,Thursday,1.0928023809523808,0.16157898262611245,-1.7658522076155976,False
2008-05-16,1.14605702364395,1.0036769007881317,Friday,1.0831843367110405,0.15507812505575364,0.4054258904039852,False
2008-05-17,1.1510097222222222,1.009732271158502,Saturday,1.0582166779808817,0.11949732989010348,0.7765281812294739,False
2008-05-18,1.2527486111111112,1.0083796785659094,Sunday,1.0773672732189772,0.13981867232856435,1.2543484712828619,False
2008-05-19,0.7154597222222222,0.9800591230103539,Monday,1.0283650906792945,0.1962597033761882,-1.594343429008955,False
2008-05-20,1.0981486111111112,0.9751960674547983,Tuesday,1.0387262017904055,0.19799746102207794,0.30011702682429686,False
2008-05-21,0.9195222222222222,0.9788987526399835,Wednesday,1.0129176700443738,0.20041132107521048,-0.46601882229548347,False
2008-05-22,0.6783805555555555,0.9638337526399835,Thursday,0.9944752097269136,0.2266851145417115,-1.3944217502344851,False
2008-05-23,1.0311916666666667,0.9667871785659095,Friday,0.978065873015873,0.2178696225228477,0.24384213382121456,False
2008-05-24,1.0973444444444445,0.9792039378251687,Saturday,0.9703994047619048,0.21162443698873623,0.5998600232037303,False
2008-05-25,1.422572222222222,0.9972773174547983,Sunday,0.9946599206349206,0.25473142329906284,1.6798567528314658,False
2008-05-26,0.8956319444444445,1.006225095232576,Monday,1.0203988095238097,0.2296899883763066,-0.5431967930398283,False
2008-05-27,1.1865972222222223,1.0224394470844278,Tuesday,1.0330343253968253,0.23699656518917936,0.6479541030597532,False
2008-05-28,0.7738694444444445,1.0329792618992426,Wednesday,1.0122267857142857,0.25437996300392535,-0.9370130353630215,False
2008-05-29,0.7882472222222222,1.0135917618992427,Thursday,1.0279220238095237,0.23282473717588031,-1.0294215489922212,False
2008-05-30,0.9703083333333332,1.020432456343687,Friday,1.0192244047619048,0.23381732762005225,-0.20920635748629826,False
2008-05-31,1.1399097222222223,1.0450957896770205,Saturday,1.0253051587301587,0.23672298594244284,0.48412942678886584,False
2008-06-01,1.2839416666666668,1.0532232896770204,Sunday,1.0055007936507938,0.20106088041919176,1.384858518650429,False
2008-06-02,0.7458416666666666,1.0482328267140575,Monday,0.9841021825396826,0.2216225244672733,-1.0750735578242165,False
2008-06-03,1.1095944444444443,1.0511690767140576,Tuesday,0.9731017857142857,0.21157987683820087,0.6451117222009591,False
2008-06-04,1.1034111111111111,1.0563075026399835,Wednesday,1.0201791666666666,0.195946124225246,0.42476953689967784,False
2008-06-05,0.7778319444444445,1.0408005118992427,Thursday,1.01869126984127,0.1980292714052135,-1.2162814299506857,False
2008-06-06,0.8456347222222221,1.0417600026399836,Friday,1.000880753968254,0.20843892502710495,-0.7448034561003615,False
2008-06-07,1.3072805555555556,1.036338382269613,Saturday,1.024790873015873,0.23495767017614255,1.2023003221299662,False
2008-06-08,1.0710569444444444,1.0315941693066502,Sunday,0.9943787698412698,0.20806160306773108,0.3685359214415611,False
2008-06-09,0.9206236111111112,1.0180888452325763,Monday,1.019347619047619,0.18213676720015742,-0.5420322840583632,False
2008-06-10,0.7410347222222222,1.0055001878251688,Tuesday,0.9666962301587301,0.20369552833349996,-1.1078373186820485,False
2008-06-11,0.7800041666666666,0.9962178267140576,Wednesday,0.9204952380952381,0.20419453788072106,-0.6880256097282998,False
2008-06-12,0.8745361111111112,0.9911816693066503,Thursday,0.934310119047619,0.19604248062162388,-0.3049033441475163,False
2008-06-13,1.3024878387769283,0.9979251991177329,Friday,0.9995748499840057,0.23397686382176688,1.294627955282229,False
2008-06-14,0.96175,1.0030676065251403,Saturday,0.9502133420474976,0.19068431398425853,0.06050134754899,False
2008-06-15,1.5896541666666666,1.017854177959231,Sunday,1.0242986595078152,0.30930675111310957,1.8278149607931062,False
2008-06-16,0.9048916666666668,1.0096502427740457,Monday,1.0220512388728946,0.3102413457529525,-0.3776400979756029,False
2008-06-17,0.7951972222222222,0.9943985298110828,Tuesday,1.0297887388728946,0.3026470814837897,-0.7751322613141983,False
2008-06-18,1.3150055555555555,1.014383390922194,Wednesday,1.1062175087141644,0.29654632509781864,0.7040655343562947,False
2008-06-19,1.102834722222222,1.0145395946258975,Thursday,1.1388315960157516,0.27884516611364085,-0.12909269432649756,False
2008-06-20,1.1639611111111112,1.0226875575888605,Friday,1.1190420634920635,0.2700723691720869,0.16632226301693925,False
2008-06-21,1.2043430555555554,1.0402196409221938,Saturday,1.1536982142857144,0.2619677562970751,0.1933247128795846,False
2008-06-22,1.087788888888889,1.0421062149962679,Sunday,1.0820031746031744,0.17798306463830485,0.032507105647788276,False
2008-06-23,0.8693027777777778,1.034504826107379,Monday,1.0769190476190478,0.18428232955805454,-1.1266206062142523,False
2008-06-24,1.2183694444444444,1.02769806684812,Tuesday,1.1373722222222222,0.1407235976089235,0.5755766879078567,False
2008-06-25,0.8762291666666666,1.0270513075888605,Wednesday,1.0746898809523808,0.14603501209657968,-1.3589940620161896,False
2008-06-26,0.7333472222222223,1.0119429742555273,Thursday,1.0219059523809524,0.19329469095965146,-1.492843537120035,False
2008-06-27,1.2188555555555556,1.0267758446258977,Friday,1.029748015873016,0.20097927657232517,0.9409305422317347,False
2008-06-28,0.8394444444444444,1.0284824186999717,Saturday,0.9776196428571428,0.19539126054021264,-0.7071718460215424,False
2008-06-29,0.5203833333333333,1.0134849186999717,Sunday,0.8965617063492063,0.2516616527046574,-1.4947782825591815,False
2008-06-30,0.5584694444444445,0.9941035761073791,Monday,0.8521569444444445,0.2827726922419383,-1.0385992284881704,False
2008-07-01,0.8439166666666666,0.9794360761073791,Tuesday,0.7986636904761905,0.2329835410307434,0.19423250239168108,False
2008-07-02,0.7966680555555555,0.981130289070342,Wednesday,0.7872978174603175,0.23049630522112322,0.040652443804896875,False
2008-07-03,0.7627499999999999,0.9695688075888605,Thursday,0.7914982142857143,0.2296155139955413,-0.12520153270772735,False
2008-07-04,0.6541805555555555,0.9545944557370087,Friday,0.7108303571428571,0.13354800986560506,-0.4241905337586884,False
2008-07-05,1.0202,0.962673390922194,Saturday,0.7366525793650794,0.17393049760371776,1.6302340563697653,False
2008-07-06,1.2535166666666666,0.9762694557370087,Sunday,0.8413859126984128,0.23277439298071614,1.7705158573967206,False
2008-07-07,0.6829097222222222,0.9554570946258977,Monday,0.8591630952380953,0.2113308171132202,-0.8340164270573258,False
2008-07-08,0.7820930555555555,0.9458249649962679,Tuesday,0.8503311507936508,0.21335635304354245,-0.3198315600387539,False
2008-07-09,0.6384152777777777,0.9364180205518234,Wednesday,0.827723611111111,0.22788026965796027,-0.8307359545320795,False
2008-07-10,0.8689416666666667,0.9406815853666384,Thursday,0.8428938492063491,0.22636361195070176,0.11507069195375082,False
2008-07-11,0.8709833333333332,0.9437142242555272,Friday,0.8738656746031745,0.2105169997218421,-0.013691726908752208,False
2008-07-12,0.9228138888888888,0.9453234835147865,Saturday,0.859953373015873,0.2022917740029405,0.31074182913686865,False
2008-07-13,0.8718734353268428,0.9309696700664503,Sunday,0.8054329113958982,0.10799261364015572,0.6152321134881718,False
2008-07-14,0.7902263888888889,0.9252522163627467,Monday,0.8207638637768505,0.09447086617939428,-0.323247537817351,False
2008-07-15,0.8026805555555555,0.8990197626590428,Tuesday,0.8237049352054219,0.09338048748695893,-0.22514746084188658,False
2008-07-16,0.7479597222222222,0.8937886978442281,Wednesday,0.8393541415546283,0.06056716545085667,-1.5089763348189413,False
2008-07-17,0.9160569444444444,0.8978173552516355,Thursday,0.8460848955228822,0.06670965218834393,1.048904418269299,False
2008-07-18,0.8761,0.8831871700664503,Friday,0.8468158479038347,0.06705507738944626,0.43671789275683265,False
2008-07-19,0.9333430555555556,0.877537447844228,Saturday,0.8483200145705013,0.06912997207089706,1.2299012778112788,False
2008-07-20,0.6538430555555556,0.8605335126590429,Sunday,0.8171728174603174,0.09928847446940446,-1.6450022298921676,False
2008-07-21,0.8031097222222223,0.8471590682145984,Monday,0.8190132936507936,0.09882404914917906,-0.16092815023764237,False
2008-07-22,0.5140569444444444,0.8280346700664503,Tuesday,0.7777813492063492,0.15244029433974335,-1.7300176826879043,False
2008-07-23,0.6546041666666667,0.82087804969608,Wednesday,0.7644448412698414,0.15940854838285584,-0.689051344595193,False
2008-07-24,0.7593402777777778,0.8055770774738578,Thursday,0.7420567460317461,0.1449124740811178,0.11926876451199694,False
2008-07-25,0.6010652777777777,0.7964049478442281,Friday,0.7027660714285714,0.13970352612852946,-0.7279758533598308,False
2008-07-26,0.5664472222222222,0.7908416145108947,Saturday,0.6503523809523809,0.10270440567552704,-0.8169577359245852,False
2008-07-27,0.7968027777777777,0.7767731885849688,Sunday,0.6707751984126984,0.11676547954553176,1.079322243659659,False
2008-07-28,0.573475,0.7679075404368206,Monday,0.637970238095238,0.10506094084723266,-0.6138840712365168,False
2008-07-29,0.8101097222222222,0.777565086733117,Tuesday,0.680263492063492,0.1064450328289893,1.219843018577827,False
2008-07-30,0.9027138888888888,0.7890399015479318,Wednesday,0.7157077380952381,0.1341733866522661,1.393764855010405,False
2008-07-31,0.967109722222222,0.793146336733117,Thursday,0.7453890873015874,0.16489757820300752,1.3445960658541118,False
2008-08-01,0.5135944444444445,0.7837105496960799,Friday,0.732893253968254,0.18025613317824837,-1.2165955502160548,False
2008-08-02,0.3512333333333333,0.7699933274738576,Saturday,0.7021484126984127,0.22594134119735057,-1.553124707083018,False
2008-08-03,0.3505430555555555,0.7598720774738577,Sunday,0.6383970238095238,0.25577142765188093,-1.125434419695047,False
2008-08-04,0.7824322446143156,0.7519464856276682,Monday,0.668248058754426,0.2591035265629925,0.4406894316512879,False
2008-08-05,0.5743875,0.7293088467387794,Tuesday,0.6345734555798229,0.25283560057190996,-0.23804383339879048,False
2008-08-06,0.2264666666666666,0.7140940782202608,Wednesday,0.5379667095480768,0.2623219589960935,-1.1874722347817213,False
2008-08-07,0.2325583333333333,0.6957762541461868,Thursday,0.43303079684966406,0.20203406954745384,-0.9922705807262061,False
2008-08-08,0.2098611111111111,0.6814911152572979,Friday,0.3896403206591879,0.21410342706974103,-0.8396839415817309,False
2008-08-09,0.2492527777777777,0.6608348189610015,Saturday,0.3750716698655371,0.22052570194773505,-0.5705407169164284,False
2008-08-10,0.2444666666666666,0.6399509300721127,Sunday,0.35991790002426727,0.22606712427766584,-0.510694483890538,False
2008-08-11,0.258275,0.6177996337758164,Monday,0.28503829365079364,0.12858349275957046,-0.2081394203596299,False
2008-08-12,0.2006833333333333,0.5954266303760327,Tuesday,0.2316519841269841,0.020993639769956794,-1.4751444310275756,False
2008-08-13,0.1962388888888888,0.5756270470426994,Wednesday,0.22733373015873012,0.02497020237730717,-1.2452779036384667,False
2008-08-14,0.1876791666666666,0.5551270007464031,Thursday,0.2209224206349206,0.02886323999867164,-1.1517505993708241,False
2008-08-15,0.1900375,0.5365295933389956,Friday,0.2180904761904761,0.031021245752479665,-0.9043149464180921,False
2008-08-16,0.1908430555555555,0.5123557970426994,Saturday,0.20974623015873012,0.0290340430253427,-0.6510693184092468,False
2008-08-17,0.1908305555555555,0.48951348222788454,Sunday,0.2020839285714285,0.02516337252659431,-0.44721243163966606,False
2008-08-18,0.1901097222222222,0.4647390377834401,Monday,0.1923460317460317,0.0044968612905949435,-0.4973045373862638,False
2008-08-19,0.1907583333333333,0.4493028803760327,Tuesday,0.19092817460317457,0.0025906410130290126,-0.0655595541748502,False
2008-08-20,0.1864388888888888,0.4287471859315882,Wednesday,0.18952817460317453,0.0017558722974798584,-1.7594022747096596,False
2008-08-21,0.1814569444444444,0.4176605192649216,Thursday,0.18863928571428565,0.0035283042876795446,-2.0356354453104277,False
2008-08-22,0.1855027777777778,0.4020238063019586,Friday,0.18799146825396823,0.00364322644306092,-0.6831006842658728,False
2008-08-23,0.1768347222222222,0.38260695445010673,Saturday,0.18599027777777774,0.005290662877763506,-1.7305119919917875,False
2008-08-24,0.1768861111111111,0.3684676488945512,Sunday,0.18399821428571425,0.005768102304201375,-1.2330057269308186,False
2008-08-25,0.1738180555555555,0.35538001000566233,Monday,0.18167083333333328,0.006164335770936878,-1.273904937949916,False
2008-08-26,0.1788638888888889,0.33478204704269937,Tuesday,0.17997162698412694,0.0047095537354942,-0.2352108410802102,False
2008-08-27,0.1792458333333333,0.32164107482047716,Wednesday,0.1789440476190476,0.0037503164920453776,0.08046939902959889,False
2008-08-28,0.1862819444444444,0.3008468155612179,Thursday,0.1796333333333333,0.004629498146608129,1.4361407868760667,False
2008-08-29,0.185825,0.2769505192649216,Friday,0.17967936507936508,0.004698670806903446,1.307951795985694,False
2008-08-30,0.1877944444444444,0.2509733433389957,Saturday,0.18124503968253966,0.005370726292993734,1.2194635147295867,False
2008-08-31,1.04281723419041,0.2686141029971945,Sunday,0.3049494858367252,0.3254077402040156,2.267517508621878,False
2008-09-01,0.8663263888888889,0.28578387151571305,Monday,0.40387924774148715,0.3796445870914941,1.218105451444122,False
2008-09-02,0.9612180555555556,0.3061397048490464,Tuesday,0.5156441286938681,0.41579942875605497,1.0716078379297171,False
2008-09-03,0.964226388888889,0.3121995096581988,Wednesday,0.6277842080589474,0.41580633291700525,0.8091319304102453,False
2008-09-04,0.8508472222222222,0.3214148337322729,Thursday,0.7227221048843443,0.37173240121956697,0.3446702975514897,False
2008-09-05,0.6069166666666667,0.33409650039893957,Friday,0.7828780572652967,0.2969093848124856,-0.5926434110857062,False
2008-09-06,1.2976208333333334,0.3695985837322729,Saturday,0.9414246842494237,0.20968527428361688,1.6987179967732242,False
2008-09-07,0.9532333333333332,0.394377657806347,Sunday,0.9286269841269841,0.20515035649455507,0.11994299998694936,False
2008-09-08,0.9092527777777778,0.416377657806347,Monday,0.9347593253968255,0.20361351013523563,-0.1252694263858366,False
2008-09-09,0.8053152777777778,0.43507261151005067,Tuesday,0.9124875,0.20870003460884293,-0.5135227812639815,False
2008-09-10,0.9033083333333332,0.45657372262116175,Wednesday,0.9037849206349206,0.20744936206955525,-0.002297366918041428,False
2008-09-11,0.7143847222222222,0.4736971022507914,Thursday,0.8842902777777777,0.21932516745805974,-0.7746742315290632,False
2008-09-12,0.9671958333333333,0.49939566706560623,Friday,0.93575873015873,0.18258120309913248,0.1721814876941876,False
2008-09-13,1.1329416666666663,0.5309044170656062,Saturday,0.9122331349206348,0.13170556028983674,1.6757723156131834,False
2008-09-14,1.0946708333333333,0.5610588615100507,Sunday,0.9324384920634919,0.14878554477216968,1.090377035741357,False
2008-09-15,1.178963888888889,0.5939962226211617,Monday,0.9709686507936507,0.17448400691251975,1.1920590418325265,False
2008-09-16,0.8485152777777778,0.6159190466952359,Tuesday,0.9771400793650793,0.1683028989979239,-0.764245906357728,False
2008-09-17,1.0550069444444443,0.6447489541026433,Wednesday,0.9988113095238094,0.16697296253469457,0.33655529654364436,False
2008-09-18,1.0453402777777778,0.6732350189174581,Thursday,1.0460906746031744,0.11022621745927068,-0.006807788951606251,False
2008-09-19,1.0547541666666669,0.7021788615100506,Friday,1.058599007936508,0.10460589960144591,-0.03675549165477409,False
2008-09-20,0.9059722222222222,0.72632937076931,Saturday,1.0261748015873016,0.11259304751873847,-1.0675843847736202,False
2008-09-21,1.0646319444444443,0.7556336763248656,Sunday,1.0218835317460317,0.1100920119651199,0.3882971337825709,False
2008-09-22,0.9434472222222224,0.7811874263248655,Monday,0.9882382936507936,0.08782132269306761,-0.5100250150537403,False
2008-09-23,0.8561027777777778,0.803827981880421,Tuesday,0.9893222222222223,0.08583371268495531,-1.5520643378600456,False
2008-09-24,1.193298611111111,0.8378106670656061,Wednesday,1.0090781746031747,0.11457483603093369,1.607861227557849,False
2008-09-25,0.7855694444444444,0.8580341855841247,Thursday,0.9719680555555555,0.14009844401319838,-1.330483092971046,False
2008-09-26,0.9940625,0.8851947411396803,Friday,0.9632978174603174,0.13593739807446067,0.22631507572942502,False
2008-09-27,1.4773930555555554,0.9282317781767174,Saturday,1.0449293650793652,0.23282167001360976,1.8574889976990128,False
2008-09-28,1.2021555555555556,0.9621094633619026,Sunday,1.064575595238095,0.24043905776357913,0.5722030422059851,False
2008-09-29,1.0428736111111112,0.9906121022507914,Monday,1.0787793650793651,0.23496535447134734,-0.15281297129544436,False
2008-09-30,0.954865277777778,0.9876803703703704,Tuesday,1.0928882936507935,0.221971737034449,-0.621804459058655,False
2008-10-01,1.3002527777777777,1.0021445833333333,Wednesday,1.1081674603174603,0.23342105701182908,0.8229134077247501,False
2008-10-02,0.9342652777777778,1.0012461574074074,Thursday,1.1294097222222221,0.2040940112424346,-0.9561497824286503,False
2008-10-03,1.1198472222222222,1.0064335185185185,Friday,1.1473789682539681,0.19554986864927587,-0.14079143198569394,False
2008-10-04,1.4586777777777775,1.026694537037037,Saturday,1.1447053571428571,0.19034447736989965,1.6494958244823277,False
2008-10-05,1.0763541666666667,1.0423424537037038,Sunday,1.1267337301587301,0.18995465454417426,-0.2652188945459484,False
2008-10-06,0.9887375,1.0320463425925925,Monday,1.119,0.1949736694163871,-0.6681030335527535,False
2008-10-07,1.1990055555555554,1.04023875,Tuesday,1.1538771825396825,0.18213280294041212,0.2477772937510737,False
2008-10-08,1.2920666666666667,1.0529992129629628,Wednesday,1.152707738095238,0.1810594252731226,0.7696861312865102,False
2008-10-09,1.3775569444444444,1.0720739351851851,Thursday,1.216035119047619,0.16904765095464788,0.9554810403142392,False
2008-10-10,1.0544013888888888,1.0771103703703704,Friday,1.2066857142857141,0.17688231558639275,-0.8609358425231987,False
2008-10-11,1.1592958333333334,1.0919407407407407,Saturday,1.163916865079365,0.1376382341017391,-0.03357375060926606,False
2008-10-12,1.3249583333333337,1.1038661574074073,Sunday,1.199431746031746,0.14323854339324926,0.8763464381019641,False
2008-10-13,1.015261111111111,1.0999434722222223,Monday,1.2032208333333334,0.13694885849508998,-1.372481116583833,False
2008-10-14,1.1174,1.1007011111111111,Tuesday,1.1915628968253968,0.14078709312325216,-0.5267734078469177,False
2008-10-15,1.4978444444444443,1.111330462962963,Wednesday,1.2209597222222222,0.18100837862573427,1.5296790365418862,False
2008-10-16,1.0997777777777775,1.1197058796296298,Thursday,1.1812769841269841,0.17113519729966772,-0.47622702772531783,False
2008-10-17,1.296448611111111,1.1277539351851853,Friday,1.2158551587301587,0.16559039344706022,0.4867036710479124,False
2008-10-18,1.5549930555555556,1.1447423611111112,Saturday,1.2723833333333334,0.2057379338372618,1.3736393525064061,False
2008-10-19,1.3693986111111112,1.1552305092592592,Sunday,1.2787319444444445,0.20830037764959022,0.43526885399693865,False
2008-10-20,1.158023611111111,1.1636322222222222,Monday,1.2991265873015874,0.18374634485780855,-0.7679226288809626,False
2008-10-21,1.433136111111111,1.1759156944444444,Tuesday,1.3442317460317459,0.16993576630720003,0.5231645286410684,False
2008-10-22,1.1430625,1.1825695370370368,Wednesday,1.2935486111111112,0.16939093408452136,-0.8883953083110264,False
2008-10-23,1.2711763888888887,1.196405324074074,Thursday,1.318034126984127,0.14771387226868238,-0.3172196177350687,False
2008-10-24,1.4814069444444444,1.206008935185185,Friday,1.344456746031746,0.1592974093594118,0.8597139084899181,False
2008-10-25,1.0903049391553328,1.2161667850088813,Saturday,1.2780727294031426,0.15366290348038597,-1.221946130100146,False
2008-10-26,0.363536111111111,1.1951492387125853,Sunday,1.1343780865459998,0.3708489099940232,-2.078587679945755,False
2008-10-27,0.3638138888888889,1.1580299331570294,Monday,1.020919554799968,0.4705092431185178,-1.3965839683739416,False
2008-10-28,0.9217291666666666,1.1486823868607332,Tuesday,0.9478614198793333,0.43413275492914394,-0.06019415240145097,False
2008-10-29,1.1198444444444444,1.1512480813051778,Wednesday,0.9445445547999681,0.4324783580933684,0.40533794666005124,False
2008-10-30,0.7629166666666666,1.1448497942681406,Thursday,0.8719360230539364,0.4106136716034681,-0.2655034742548718,False
2008-10-31,0.892938888888889,1.1312726646385112,Friday,0.7878691579745712,0.3138835175583628,0.33474115408045046,False
2008-11-01,0.5767347222222222,1.119354979453326,Saturday,0.7145019841269841,0.2905650611028558,-0.4741356768148881,False
2008-11-02,0.6323708333333333,1.103105766490363,Sunday,0.7529069444444445,0.2515989611373071,-0.4790803211835602,False
2008-11-03,0.5886111111111111,1.0741035442681406,Monday,0.7850208333333333,0.20338503117010734,-0.9657039217303504,False
2008-11-04,1.0849416666666667,1.0743897942681406,Tuesday,0.8083369047619049,0.2293653159557698,1.2059572335605506,False
2008-11-05,2.177034722222222,1.1139997016755483,Wednesday,0.9593640873015873,0.5674919952682717,2.1457053933333508,False
2008-11-06,1.1030819444444444,1.1108022479718442,Thursday,1.007959126984127,0.5624079000714652,0.16913492404397254,False
2008-11-07,1.1244333333333334,1.1052144701940667,Friday,1.041029761904762,0.5613223663356002,0.14858408720294358,False
2008-11-08,1.2035680555555557,1.0994148405644368,Saturday,1.130577380952381,0.5236433541672239,0.13939005245135877,False
2008-11-09,1.7906513888888889,1.1239565072311037,Sunday,1.2960460317460318,0.5229791240695908,0.9457458899966374,False
2008-11-10,1.4587726638772665,1.1339390682492347,Monday,1.4203548249983395,0.4200972194202393,0.09144987660700529,False
2008-11-11,1.7055208333333332,1.1466244849159013,Tuesday,1.5090089916650062,0.40263523178427424,0.48806419844951604,False
2008-11-12,1.5205104311543811,1.1634661289173436,Wednesday,1.4152198072267432,0.2783851671828448,0.3782192312655885,False
2008-11-13,0.8600416666666667,1.1548875178062328,Thursday,1.380499767544204,0.33350266418952484,-1.5605815388082425,False
2008-11-14,1.1262069444444445,1.1424996011395658,Friday,1.3807531405600766,0.3332762952602653,-0.763769280130918,False
2008-11-15,2.105297222222222,1.176016915954381,Saturday,1.509571592941029,0.41710285504122774,1.4282463475880784,False
2008-11-16,1.642661111111111,1.1875573326210476,Sunday,1.4884301246870606,0.40402701776374234,0.38173433865315903,False
2008-11-17,1.0580805555555557,1.1709935826210476,Monday,1.4311883949268165,0.4360450786686231,-0.8556634568849427,False
2008-11-18,1.2146180555555557,1.1658342307691956,Tuesday,1.361059426672848,0.42387690500928643,-0.3454808917086058,False
2008-11-19,1.2779430555555555,1.1698315455840103,Wednesday,1.3264069444444446,0.4185506600653655,-0.11578978009811387,False
2008-11-20,1.1752333333333334,1.1612347863247512,Thursday,1.3714343253968253,0.3746715369001077,-0.5236613212916723,False
2008-11-21,1.162451388888889,1.1618810826210473,Friday,1.376612103174603,0.3709497488614498,-0.5773307973466328,False
2008-11-22,1.18845,1.1591235363247512,Saturday,1.2456339285714289,0.18706429192269086,-0.3056913106380644,False
2008-11-23,2.36645170257123,1.1886250282623108,Sunday,1.3490325844943027,0.45345363974484737,2.2437114379529874,False
2008-11-24,2.231248611111111,1.2266564839941698,Monday,1.5166280210022391,0.5370840471929685,1.3305563511777818,False
2008-11-25,1.8769791666666664,1.277104585846022,Tuesday,1.6112510368752553,0.5333422862035999,0.49823187972380495,False
2008-11-26,1.0527458333333333,1.30006898399417,Wednesday,1.5790800051292233,0.562777781855926,-0.9352433389608019,False
2008-11-27,1.6404291666666666,1.3240256506608366,Thursday,1.6455365527482708,0.5338647248686831,-0.00956681691763864,False
2008-11-28,1.3096972222222223,1.3303540765867625,Friday,1.6665716717958898,0.5141965761438573,-0.6940428352323847,False
2008-11-29,1.6907416666666668,1.3612815765867625,Saturday,1.7383276241768424,0.4694553852080208,-0.10136417433807841,False
2008-11-30,1.6676305555555555,1.3871046321423182,Sunday,1.6384960317460318,0.37925891374425014,0.07681961518555198,False
2008-12-01,1.1225958333333332,1.4053000025126885,Monday,1.4801170634920635,0.31681594372989363,-1.1284824429907498,False
2008-12-02,1.2454472222222222,1.4257358821423183,Tuesday,1.3898982142857144,0.27167025766831027,-0.5317144147588524,False
2008-12-03,1.218863888888889,1.446744308068244,Wednesday,1.413629365079365,0.24305939372423194,-0.8013081626108688,False
2008-12-04,1.2073874999999998,1.4508258358460218,Thursday,1.3517662698412696,0.23049782078140482,-0.6263780254052508,False
2008-12-05,1.4295958333333334,1.4259112062163921,Friday,1.3688946428571427,0.23130407128584907,0.26243027257905577,False
2008-12-06,1.7526638888888888,1.447563937697874,Saturday,1.3777406746031746,0.2463584792809111,1.5218604018829274,False
2008-12-07,1.7130138888888888,1.4671832895497257,Sunday,1.384224007936508,0.2556797318726202,1.2859442496450368,False
2008-12-08,1.297663888888889,1.4703198173275032,Monday,1.40923373015873,0.23341583092792761,-0.4779874648017805,False
2008-12-09,1.3910722222222225,1.4570005117719478,Tuesday,1.4300373015873016,0.22262524597248456,-0.17502542981982822,False
2008-12-10,1.540890510948905,1.4597377733410026,Wednesday,1.4760411047387323,0.20422690621388076,0.3175360554218939,False
2008-12-11,0.9948069444444444,1.4360473103780396,Thursday,1.4456724539450818,0.25923205446343695,-1.7392351822919692,False
2008-12-12,1.2607875,1.42738987933956,Friday,1.4215569777546053,0.26865735410547675,-0.5984183023386963,False
2008-12-13,1.2677597222222223,1.440980481191412,Saturday,1.3522849539450819,0.22857973069933016,-0.3697844575468617,False
2008-12-14,1.390361111111111,1.449785620080301,Sunday,1.306191699976828,0.16829758986620247,0.5001224984932829,False
2008-12-15,1.2468402777777778,1.4211703885988194,Monday,1.298931184103812,0.16981624119840888,-0.30674867114254717,False
2008-12-16,1.2479791666666666,1.4080143237840046,Tuesday,1.2784893190244466,0.16543195121078894,-0.18442720486869416,False
2008-12-17,1.4574902777777778,1.421327981191412,Wednesday,1.266575,0.14514342539649905,1.3153560159975584,False
2008-12-18,1.206208333333333,1.4210476571173378,Thursday,1.2967751984126983,0.09110577931705437,-0.9940847414760184,False
2008-12-19,1.3070222222222223,1.4220169626728933,Friday,1.3033801587301588,0.08972744535921907,0.04059029517092258,False
2008-12-20,1.558375260597637,1.43478836024837,Saturday,1.3448966642123608,0.12909585043122246,1.6536441386162906,False
2008-12-21,1.8358402777777776,1.4572346565446666,Sunday,1.4085365451647418,0.2275239204372405,1.8780606970549363,False
2008-12-22,1.3998666666666666,1.4642818787668888,Monday,1.4303974578631544,0.21648209841502367,-0.14103148214110722,False
2008-12-23,1.2486722222222222,1.427022562755255,Tuesday,1.4304964657996622,0.21638490138821964,-0.8402815649841768,False
2008-12-24,0.8816930555555555,1.38203737757007,Wednesday,1.3482397197679163,0.29833646123939517,-1.5638271710878413,False
2008-12-25,0.7368874999999999,1.3440343220145143,Thursday,1.281193886434583,0.3777434050031344,-1.4409421295656153,False
2008-12-26,0.8498138888888889,1.3372699238663661,Friday,1.215878410244107,0.41062945573091725,-0.8914716571017197,False
2008-12-27,2.064002777777778,1.3513890442367367,Saturday,1.2881109126984127,0.5127031969391644,1.5133353365288844,False
2008-12-28,1.0907236111111112,1.3440899238663662,Sunday,1.1816656746031746,0.4540241508582715,-0.20030225995720655,False
2008-12-29,0.3856097222222222,1.3005855257182182,Monday,1.0367718253968257,0.5285138583793672,-1.2320624953361194,False
2008-12-30,0.8300263888888889,1.272665386829329,Tuesday,0.9769652777777778,0.5242082166419506,-0.28030634435715523,False
2008-12-31,1.3640194444444445,1.280712840533033,Wednesday,1.0458690476190478,0.5410276566387499,0.5880483057039526,False
2009-01-01,0.9768694444444443,1.2717602479404404,Thursday,1.0801521825396827,0.5255678780419942,-0.19651645850202779,False
2009-01-02,1.616326388888889,1.2850089979404402,Friday,1.1896539682539682,0.5489113664164899,0.7773065867089014,False
2009-01-03,1.3288166666666668,1.2890566368293292,Saturday,1.084627380952381,0.4052753090430386,0.6025269249461084,False
2009-01-04,1.3472180555555555,1.2863107109034033,Sunday,1.1212694444444444,0.41733413259387453,0.5414093731245108,False
2009-01-05,1.113888888888889,1.2650182109034032,Monday,1.2253093253968252,0.267112909106312,-0.41712861007249386,False
2009-01-06,1.1735152777777778,1.247034923866366,Tuesday,1.2743791666666666,0.20723373096020356,-0.48671559606412923,False
2009-01-07,1.4446333333333332,1.2519339053478478,Wednesday,1.2858954365079367,0.21513470433505977,0.7378535105064755,False
2009-01-08,1.134215277777778,1.2433720071996994,Thursday,1.3083734126984126,0.1833351379951684,-0.9499441123240883,False
2009-01-09,1.242154166666667,1.233414129056958,Friday,1.254920238095238,0.1233017280337029,-0.10353521910967603,False
2009-01-10,1.4603805555555556,1.2489332494273286,Saturday,1.2737150793650793,0.1446262045777296,1.2906753429331168,False
2009-01-11,1.3722138888888888,1.2526474623902917,Sunday,1.2772859126984126,0.14703202957022926,0.6456278707975954,False
2009-01-12,1.1036652777777778,1.2471776475754768,Monday,1.2758253968253968,0.14896370478037688,-1.155718564474759,False
2009-01-13,1.5156944444444445,1.2513554253532544,Tuesday,1.324708134920635,0.165067792644764,1.157017407598244,False
2009-01-14,1.2343863794301595,1.250940295408334,Wednesday,1.2946728557916103,0.1586113685320907,-0.3800892516052748,False
2009-01-15,1.0861583333333331,1.245546267630556,Thursday,1.287807578013832,0.16750479835262042,-1.2038416013372932,False
2009-01-16,1.921218055555556,1.2610038602231486,Friday,1.3848167049979594,0.2891355935921632,1.8551896149950022,False
2009-01-17,2.304041666666667,1.2975983046675934,Saturday,1.5053397208709751,0.45445579213846726,1.757490958663669,False
2009-01-18,2.1904125,1.327044647260186,Sunday,1.622225236743991,0.5156140450740174,1.1019623470001565,False
2009-01-19,1.1804625,1.3144475552402646,Monday,1.6331962684900228,0.5034140775139021,-0.8993267942085316,False
2009-01-20,1.206963888888889,1.2934850089439685,Tuesday,1.5890919034106579,0.5283315559804072,-0.7232731230915533,False
2009-01-21,1.2079402777777777,1.287087462647672,Wednesday,1.585313888888889,0.5313765202271501,-0.7101811930828135,False
2009-01-22,0.859275,1.2741075552402645,Thursday,1.5529019841269842,0.5722453605516405,-1.2121146486156438,False
2009-01-23,1.326761111111111,1.2889431570921166,Friday,1.4679795634920634,0.552236175219686,-0.2557211184594598,False
2009-01-24,1.5283125,1.31532399042545,Saturday,1.357161111111111,0.4180238981353759,0.4094296753183762,False
2009-01-25,1.9747666666666668,1.3528224163513758,Sunday,1.3263545634920635,0.348556384249895,1.860278946173968,False
2009-01-26,1.1628277777777778,1.322783249684709,Monday,1.3238353174603172,0.3498479210695835,-0.46022151336584793,False
2009-01-27,0.9896041666666666,1.319412601536561,Tuesday,1.2927839285714284,0.3709590312827181,-0.8172863748765296,False
2009-01-28,1.8900930555555555,1.3695620459810054,Wednesday,1.3902343253968255,0.42987736750338246,1.1627937824728514,False
2009-01-29,1.0928458333333333,1.3783226941291535,Thursday,1.423601587301587,0.3889078291332081,-0.8504733749007758,False
2009-01-30,1.4298875,1.3805182959810054,Friday,1.4383339285714285,0.38657425743774076,-0.02184943360536326,False
2009-01-31,2.3005916666666666,1.4246423700550792,Saturday,1.5486595238095238,0.5077446937056642,1.4809256545239884,False
2009-02-01,1.289201141226819,1.4137381951330104,Sunday,1.4507215916038312,0.4770458624114005,-0.33858474227309887,False
2009-02-02,1.1134027777777775,1.4065577321700473,Monday,1.4436608773181168,0.4823533779607981,-0.684680805878341,False
2009-02-03,1.2974930555555555,1.4049002321700472,Tuesday,1.487645004302244,0.44677436494395795,-0.42561069673400037,False
2009-02-04,1.708975,1.424736435873751,Wednesday,1.461770996365736,0.42426019572457985,0.5826707433914994,False
2009-02-05,1.1452,1.4237925932811588,Thursday,1.4692501630324026,0.41707316231505237,-0.7769623948798192,False
2009-02-06,1.4224972222222223,1.4230547229107882,Friday,1.4681944090641486,0.4171987440575486,-0.10953337586179972,False
2009-02-07,2.1746777777777777,1.4577368062441214,Saturday,1.4502067106514502,0.3760091769723707,1.9267377274133974,False
2009-02-08,1.5158791666666669,1.4668609729107882,Sunday,1.4825892857142855,0.36953733842108943,0.09008529718436036,False
2009-02-09,1.1851652777777777,1.4576871303181955,Monday,1.4928410714285716,0.35841636309521313,-0.8584312138925978,False
2009-02-10,1.349876388888889,1.4569425469848623,Tuesday,1.5003244047619049,0.35417975361156695,-0.42477870160250325,False
2009-02-11,1.832909722222222,1.4812506951330104,Wednesday,1.5180293650793648,0.369130385809714,0.8530328828176647,False
2009-02-12,1.367125,1.4762983803181955,Thursday,1.5497329365079364,0.3401661425473852,-0.536819846738566,False
2009-02-13,1.173626388888889,1.474273047300153,Friday,1.5141799603174602,0.36758154119721675,-0.9264708187451003,False
2009-02-14,1.6221098748261475,1.4921380986832469,Saturday,1.4352416884672274,0.23891068094256068,0.7821675683216829,False
2009-02-15,1.1014111111111111,1.4648112005350988,Sunday,1.3760319662450051,0.2654774924102959,-1.0344411974084304,False
2009-02-16,0.9159680555555556,1.4185420801647284,Monday,1.337575220213259,0.31298190943560006,-1.3470656033059134,False
2009-02-17,0.5520466101694915,1.3639298838370448,Tuesday,1.2235995375390594,0.4308357650278668,-1.5587214012423767,False
2009-02-18,0.5739236111111111,1.343711920874082,Wednesday,1.043744378808901,0.3954114945073705,-1.1881818667996065,False
2009-02-19,0.5119916666666667,1.3205461801333411,Thursday,0.9215824740469961,0.41065449869985965,-0.9974097658179858,False
2009-02-20,1.3060666666666667,1.3238170597629708,Friday,0.9405025137295357,0.42693069068039774,0.8562611236838767,False
2009-02-21,0.9140166666666668,1.325641781985193,Saturday,0.8393463411353242,0.30498737528112824,0.24483087361407563,False
2009-02-22,1.5544986111111112,1.3332330319851928,Sunday,0.90407312684961,0.4023973414739814,1.616376196420664,False
2009-02-23,1.898372222222222,1.345568356059267,Monday,1.0444165792305622,0.5510833167344737,1.54959443891697,False
2009-02-24,1.2382944444444444,1.3210192819851931,Tuesday,1.1424519841269842,0.5082717101106232,0.18856540391870408,False
2009-02-25,0.8123916666666667,1.3093380782814892,Wednesday,1.1765188492063492,0.4703956191257603,-0.7740871039922101,False
2009-02-26,0.8033694444444445,1.303130254207415,Thursday,1.218144246031746,0.41092327290103214,-1.0093728657884924,False
2009-02-27,1.4089708333333333,1.2870928468000078,Friday,1.2328448412698414,0.41639710596548,0.4229760234647092,False
2009-02-28,1.1324652777777775,1.2884134949481558,Saturday,1.2640517857142857,0.3962168676608214,-0.33210728436011927,False
2009-03-01,1.7148200138985408,1.2979112454114408,Sunday,1.2869548432553473,0.4197395271986925,1.0193587759025957,False
2009-03-02,1.0260013888888888,1.255424902818848,Monday,1.1623304384934425,0.32727012858013366,-0.41656429261057015,False
2009-03-03,1.2839944444444444,1.2552513462594357,Tuesday,1.1688590099220135,0.3294863848463694,0.34943912652450104,False
2009-03-04,1.2792569444444446,1.2607798184816579,Wednesday,1.2355540496045534,0.2902150942853373,0.15058794563222422,False
2009-03-05,1.0012583333333334,1.250905327740917,Thursday,1.2638238908743946,0.24761040229695985,-1.0603979279762472,False
2009-03-06,1.238523611111111,1.235223614777954,Friday,1.2394742876997913,0.23919574096736876,-0.003974471221082031,False
2009-03-07,1.1781013888888887,1.236320327740917,Saturday,1.2459937321442358,0.23639860313831723,-0.28719435036434277,False
2009-03-08,1.6369208333333334,1.243467781444621,Sunday,1.234865277777778,0.21113377114163323,1.904269285683566,False
2009-03-09,1.170525,1.2099960221853616,Monday,1.2555115079365078,0.19364765917480384,-0.4388718577785196,False
2009-03-10,1.2751458333333334,1.201971577740917,Tuesday,1.2542474206349206,0.1934595302503071,0.10802472574689655,False
2009-03-11,1.6707666666666667,1.21815829070388,Wednesday,1.310177380952381,0.250175012699078,1.4413481259538066,False
2009-03-12,1.3105972222222222,1.2168489851483246,Thursday,1.354368650793651,0.21072270161179743,-0.20772051723248325,False
2009-03-13,1.0038333333333334,1.189213105518695,Friday,1.3208414682539684,0.24765930012554876,-1.2800170829842874,False
2009-03-14,1.4923805555555554,1.1933882907038802,Saturday,1.3657384920634923,0.24595104615163477,0.5149076024420941,False
2009-03-15,1.3486541666666665,1.1992225499631393,Sunday,1.3245575396825395,0.21518690275477484,0.1119799889103254,False
2009-03-16,0.9275413481584434,1.1760702657408824,Monday,1.2898455894194603,0.2592597845523986,-1.397456384863238,False
2009-03-17,1.3416041666666667,1.1840767009260678,Tuesday,1.2993396370385077,0.2598479440702617,0.16265100645449337,False
2009-03-18,1.0074166666666666,1.1871249879631047,Wednesday,1.2045753513242219,0.21966824136600532,-0.8975293079760891,False
2009-03-19,0.8274527777777777,1.1963051935500475,Thursday,1.135554716403587,0.2540205633554923,-1.2129015641723155,False
2009-03-20,1.016601388888889,1.2110611194759735,Friday,1.137378724340095,0.252960722240582,-0.4774548964812766,False
2009-03-21,1.3402930555555554,1.2386711657722698,Saturday,1.1156519386258092,0.22202789430715958,1.0117697941996937,False
2009-03-22,1.1730347222222224,1.2342367676241217,Sunday,1.0905634465623173,0.2001562030206897,0.41203457307481106,False
2009-03-23,0.9003125000000001,1.2337799620685663,Monday,1.086673611111111,0.20407855350613993,-0.913183222388452,False
2009-03-24,1.1539666666666666,1.2204288972537511,Tuesday,1.059868253968254,0.17530802081678817,0.53676045317261,False
2009-03-25,1.2769263888888889,1.1997140361426404,Wednesday,1.0983696428571428,0.19078084253769248,0.9359259748340231,False
2009-03-26,0.8409749999999999,1.1864700546611584,Thursday,1.1003013888888888,0.18762280963161077,-1.3821687746711875,False
2009-03-27,1.1902263888888889,1.1990645454018996,Friday,1.12510496031746,0.1861845892745835,0.3497680921130815,False
2009-03-28,1.5701222222222222,1.2246229713278254,Saturday,1.1579376984126986,0.24227282621226515,1.7013237937315837,False
2009-03-29,1.5393402777777778,1.2289686194759737,Sunday,1.2102670634920634,0.28232611291331006,1.165578383416338,False
2009-03-30,1.0260083333333334,1.2254200546611587,Monday,1.2282236111111111,0.26263745264458527,-0.769940751943806,False
2009-03-31,1.2663069444444444,1.2104696190126887,Tuesday,1.244272222222222,0.26076935218669245,0.0844988954317264,False
2009-04-01,1.1396805555555556,1.2142589245682445,Wednesday,1.2246656746031748,0.2630545366167297,-0.32307034176507077,False
2009-04-02,1.1418986111111111,1.2095223967904665,Thursday,1.2676547619047618,0.2089184677652783,-0.6019388909885113,False
2009-04-03,0.9467083333333334,1.198437443086763,Friday,1.2328664682539683,0.2416683114240407,-1.1840945684373598,False
2009-04-04,1.5216888888888889,1.2157851282719483,Saturday,1.2259474206349206,0.23085466965760074,1.2810720644837137,False
2009-04-05,0.9553583333333332,1.2063462856793556,Sunday,1.1425214285714287,0.20250406136355947,-0.9242436619682306,False
2009-04-06,1.0087736111111112,1.2007020264200963,Monday,1.1400593253968254,0.20425397297709116,-0.642757212367365,False
2009-04-07,1.0000638888888889,1.1794734616052813,Tuesday,1.1020246031746033,0.2015985669293317,-0.5057611065333399,False
2009-04-08,1.0656944444444445,1.1759791097534298,Wednesday,1.0914551587301589,0.20123444483170783,-0.12801344375838847,False
2009-04-09,1.3128277777777777,1.1772351745682446,Thursday,1.1158736111111112,0.2180440626645147,0.903276907703296,False
2009-04-10,1.2792458333333334,1.1641844801238002,Friday,1.1633789682539681,0.21116169107533944,0.5487115796871775,False
2009-04-11,1.7100319444444445,1.1774989708645407,Saturday,1.1902851190476191,0.26861107235976267,1.934941924883519,False
2009-04-12,1.486813888888889,1.1935983227163924,Sunday,1.2662073412698411,0.26623951593536266,0.8286018205975352,False
2009-04-13,1.1116995827538247,1.1809089569563347,Monday,1.2809110515045146,0.2521203440913772,-0.6711535689851419,False
2009-04-14,1.0427347222222223,1.17071164214152,Tuesday,1.287006884837848,0.244601965180669,-0.9986516765521498,False
2009-04-15,0.8444875,1.1679431805362386,Wednesday,1.2554058927743559,0.28833851026472246,-1.425124907516146,False
2009-04-16,1.086475,1.159438874980683,Thursday,1.223069781663245,0.29347219746049213,-0.46544368715415907,False
2009-04-17,1.4186180555555554,1.173145587943646,Friday,1.2429800991235622,0.3025073050206578,0.5806073225901078,False
2009-04-18,1.0501847222222225,1.1805699860917942,Saturday,1.1487162102346733,0.22579374195744023,-0.4363782944481383,False
2009-04-19,0.8933805555555556,1.176462624980683,Sunday,1.063940019758483,0.18550567034474336,-0.9194299230096847,False
2009-04-20,1.0322986111111112,1.1661961434992016,Monday,1.052597023809524,0.18452356686175742,-0.11000444573900961,False
2009-04-21,1.3156930555555555,1.1709514212769792,Tuesday,1.0915910714285715,0.2092734204512552,1.0708573675708748,False
2009-04-22,1.0390263888888889,1.1755752175732757,Wednesday,1.1193823412698414,0.1821485543570676,-0.4411561357957854,False
2009-04-23,0.7926805555555556,1.1635323472029055,Thursday,1.0774117063492064,0.2207521232197561,-1.2898229318963528,False
2009-04-24,0.8292,1.1486081342399423,Friday,0.9932091269841271,0.1769867025438701,-0.9266748553805828,False
2009-04-25,1.404363888888889,1.1673877638695722,Saturday,1.043806150793651,0.23658239062381273,1.5240260999330135,False
2009-04-26,1.2372402777777778,1.1689548934992016,Sunday,1.0929289682539685,0.23584066257128228,0.6119017303904987,False
2009-04-27,0.9386305555555556,1.1479051712769794,Monday,1.0795478174603175,0.2424195682112629,-0.5812949133790875,False
2009-04-28,1.1849902777777777,1.1360935046103127,Tuesday,1.060875992063492,0.22565333361434695,0.5500219461698859,False
2009-04-29,1.156027777777778,1.1404274860917942,Wednesday,1.0775904761904762,0.22808529147956835,0.3438946066117912,False
2009-04-30,1.2741402777777775,1.1406885972029055,Thursday,1.1463704365079366,0.19852824407576078,0.6435852080628004,False
2009-05-01,1.0505569444444445,1.1377178101658683,Friday,1.1779928571428573,0.15169271529087577,-0.8400925018320772,False
2009-05-02,0.9679930555555556,1.1319209583140164,Saturday,1.1156541666666666,0.13147709913064135,-1.123093771367655,False
2009-05-03,1.1172763888888888,1.1376065601658683,Sunday,1.0985164682539683,0.12033350171950828,0.15589939930983626,False
2009-05-04,1.158251388888889,1.1254919768325349,Monday,1.129890873015873,0.09831513325456961,0.2884654166066326,False
2009-05-05,1.2024125,1.1337271157214237,Tuesday,1.132379761904762,0.10014595395486757,0.6993067151449728,False
2009-05-06,0.9374319444444444,1.1313490601658682,Wednesday,1.1011517857142858,0.12301381356059352,-1.3309061521712529,False
2009-05-07,0.7032277777777778,1.1214545231288313,Thursday,1.0195928571428572,0.16963189355097705,-1.8650094197646077,False
2009-05-08,1.289691666666667,1.1289210972029053,Friday,1.0537549603174603,0.1985258685951336,1.1884431385129326,False
2009-05-09,0.8759388888888889,1.1143581342399422,Saturday,1.0406043650793653,0.20797756564623374,-0.791746338980472,False
2009-05-10,1.366610145934677,1.1172702779933203,Sunday,1.0762234732287634,0.2418843148874149,1.2005188217395326,False
2009-05-11,1.0535944444444445,1.0953890279933205,Monday,1.0612724811652714,0.2391885238264729,-0.0321003558113732,False
2009-05-12,1.1291361111111111,1.0834664354007277,Tuesday,1.0508044256097158,0.23351830964069392,0.3354413006068837,False
2009-05-13,0.8655541666666666,1.0752615881978225,Wednesday,1.0405361716414618,0.24080112309423968,-0.7266660666956875,False
2009-05-14,1.115961111111111,1.0777024678274523,Thursday,1.0994980764033666,0.18951143797130982,0.08687092918495344,False
2009-05-15,0.9876569444444444,1.0824747826422672,Friday,1.0563502589430491,0.17262203832419948,-0.3979405825899969,False
2009-05-16,1.3940125,1.0927260326422672,Saturday,1.130360774816065,0.19231694329216995,1.370923022540935,False
2009-05-17,1.0720583333333331,1.0811740419015263,Sunday,1.0882819444444445,0.16181566345395645,-0.10025983124759542,False
2009-05-18,0.8402124999999999,1.0741749678274524,Monday,1.0577988095238096,0.1874995687296651,-1.1604629866510427,False
2009-05-19,1.1231555555555557,1.081834134494119,Tuesday,1.0569444444444442,0.18713360366288267,0.3538173252431423,False
2009-05-20,0.907751388888889,1.0776825604200446,Wednesday,1.062972619047619,0.18050294129365535,-0.859937400721935,False
2009-05-21,1.0938541666666668,1.0702879307904152,Thursday,1.0598144841269843,0.17961251992038813,0.18951731513354586,False
2009-05-22,0.7463930555555556,1.0605334863459708,Friday,1.0253482142857142,0.21535813541255341,-1.2953081999701326,False
2009-05-23,1.0629152777777775,1.0695413104200449,Saturday,0.9780486111111111,0.1461231902682902,0.5807884875141759,False
2009-05-24,0.8942958333333334,1.071711171531156,Sunday,0.9526539682539683,0.14246309762964304,-0.40963685257179205,False
2009-05-25,0.9403444444444444,1.056243856716341,Monday,0.9669585317460317,0.13407118877286736,-0.1985071330028614,False
2009-05-26,0.9308796102992344,1.0460318344670563,Tuesday,0.9394905395665573,0.1150892741302945,-0.07481956361610465,False
2009-05-27,1.072425,1.0504916492818712,Wednesday,0.9630153411538588,0.12400505982685138,0.8822999561381624,False
2009-05-28,0.8192611111111112,1.038300677059649,Thursday,0.9237877617887795,0.11905068156718863,-0.8780012789651825,False
2009-05-29,0.8630875,1.0285360011337228,Friday,0.9404583967094143,0.09601098738402097,-0.8058546091183216,False
2009-05-30,1.1521569444444444,1.024469890022612,Saturday,0.953207206233224,0.11831562349138901,1.6815170502456926,False
2009-05-31,0.6645069444444445,1.0116015566892786,Sunday,0.9203802221062399,0.16141330782847682,-1.5852055887095442,False
2009-06-01,1.0022638888888888,1.0127439178003896,Monday,0.9292258570268748,0.16435945545102368,0.4443798603590419,False
2009-06-02,0.7573875,1.0007476215040934,Tuesday,0.9044412698412698,0.17668707710197054,-0.8322836749198211,False
2009-06-03,0.9420680555555556,0.9935415103929822,Wednesday,0.8858188492063491,0.16231636744438638,0.34654056910483083,False
2009-06-04,0.7192083333333333,0.9774347048374267,Thursday,0.8715255952380953,0.17319481832999384,-0.879456229542311,False
2009-06-05,0.8544166666666666,0.9746675289115009,Friday,0.8702869047619048,0.1732962031153125,-0.09157868325988698,False
2009-06-06,1.0246180555555555,0.98538053817076,Saturday,0.8520670634920634,0.14273115205896156,1.208923136781045,False
2009-06-07,0.8384666666666667,0.9703397048374267,Sunday,0.8769184523809523,0.11755574736919093,-0.32709405175678474,False
2009-06-08,0.8185944444444445,0.9684282233559451,Monday,0.8506799603174603,0.10471160762241637,-0.30641794736562716,False
2009-06-09,0.9255902777777776,0.9537275610840487,Tuesday,0.8747089285714286,0.0988715142054698,0.5146209159961883,False
2009-06-10,1.1131916666666668,0.9557141351581226,Wednesday,0.8991551587301588,0.133420947334753,1.6042196687413008,False
2009-06-11,0.9032291666666667,0.9481839036766411,Thursday,0.9254438492063493,0.10770713839529408,-0.20625079145778424,False
2009-06-12,0.7650916666666666,0.9448351536766411,Friday,0.9126831349206349,0.12188319336558877,-1.2109255113727413,False
2009-06-13,0.4739333333333333,0.9234342277507153,Saturday,0.8340138888888889,0.1939858615925774,-1.856220616282963,False
2009-06-14,,,Sunday,,,,False
2009-06-15,0.7836629441624365,,Monday,,,,False
2009-06-16,1.047772222222222,,Tuesday,,,,False
2009-06-17,0.6861222222222222,,Wednesday,,,,False
2009-06-18,0.8095138888888889,,Thursday,,,,False
2009-06-19,0.7547680555555556,,Friday,,,,False
2009-06-20,0.7688194444444444,,Saturday,,,,False
2009-06-21,0.5938486111111112,,Sunday,0.777786769800983,0.1395105692916324,-1.3184532155794457,False
2009-06-22,0.7597902777777777,,Monday,0.7743763888888889,0.13963471576385073,-0.10445905970675029,False
2009-06-23,0.7216763888888889,,Tuesday,0.7277912698412699,0.07050758609056969,-0.08672656789761883,False
2009-06-24,1.0658847222222223,,Wednesday,0.7820430555555556,0.1424757274175653,1.992210686068572,False
2009-06-25,0.5356680555555555,,Thursday,0.7429222222222223,0.16883370228082287,-1.227563951194642,False
2009-06-26,0.8870291666666665,,Friday,0.7618166666666666,0.17755581357646436,0.7052007899818905,False
2009-06-27,1.1868416666666666,,Saturday,0.821534126984127,0.23971871984676263,1.5239007613425357,False
2009-06-28,0.7356902777777777,,Sunday,0.8417972222222223,0.22265246049154291,-0.47655859814077767,False
2009-06-29,0.7014819444444444,,Monday,0.8334674603174603,0.22727452294697081,-0.5807316814996092,False
2009-06-30,0.8280875,,Tuesday,0.8486690476190476,0.22204966982302785,-0.09268893592794344,False
2009-07-01,0.8460708333333334,,Wednesday,0.8172670634920634,0.2007310988966237,0.14349430656036014,False
2009-07-02,0.8629013888888889,,Thursday,0.8640146825396825,0.1577154376098112,-0.007058875577848601,False
2009-07-03,0.6001027777777778,,Friday,0.8230251984126984,0.18556392335040817,-1.2013241400052037,False
2009-07-04,0.8601166666666666,,Saturday,0.7763501984126984,0.1003056021737415,0.8351125604019062,False
2009-07-05,0.979677777777778,,Sunday,0.8112055555555556,0.1235258993748229,1.3638615308601463,False
2009-07-06,0.6626805555555555,,Monday,0.8056625000000001,0.12997256981997335,-1.1000932323065602,False
2009-07-07,0.7709277777777778,,Tuesday,0.7974968253968254,0.1301243546538128,-0.20418197415643555,False
2009-07-08,0.8572222222222223,,Wednesday,0.799089880952381,0.13088417910589314,0.4441510170821242,False
2009-07-09,0.587675,,Thursday,0.7597718253968254,0.14865339268223426,-1.1577053324622368,False
2009-07-10,0.826683844011142,,Friday,0.7921405491444489,0.1318053239085018,0.26207814557379217,False
2009-07-11,0.6902555555555555,,Saturday,0.767874676128576,0.1328368872442237,-0.5843190260120736,False
2009-07-12,0.3565819444444444,,Sunday,0.6788609856523854,0.17064140241016293,-1.8886333366699226,False
2009-07-13,0.3449625,,Monday,0.6334726920015916,0.21272699299734935,-1.356246275737967,False
2009-07-14,0.6329374999999999,0.7581817910872674,Tuesday,0.6137597951761948,0.2040844755708465,0.09396944461435869,False
2009-07-15,0.4986624999999999,0.7486817762818528,Wednesday,0.5625369777158774,0.1758360191522618,-0.3632616230953605,False
2009-07-16,0.4163569444444444,0.727634600355927,Thursday,0.5380629697793695,0.18350916248670612,-0.6632149789454891,False
2009-07-17,0.5082,0.7217038596151861,Friday,0.49256527777777775,0.1323840274723898,0.11810127339933837,False
2009-07-18,0.6711180555555555,0.7170906651707418,Saturday,0.48983134920634913,0.1277370426208549,1.4192179702116317,False
2009-07-19,0.8358638888888889,0.7197938596151862,Sunday,0.5583001984126984,0.16686708473781692,1.663381912090698,False
2009-07-20,0.4600597222222222,0.7095018688744454,Monday,0.5747426587301587,0.146806834481262,-0.781182544485518,False
2009-07-21,0.5651125,0.7085439985040751,Tuesday,0.565053373015873,0.14454665020079535,0.0004090512235661426,False
2009-07-22,0.5135638888888889,0.7003364522077788,Wednesday,0.5671821428571429,0.1435119634003962,-0.37361522132241903,False
2009-07-23,0.7152777777777778,0.7001231651707418,Thursday,0.609885119047619,0.13539655904777487,0.7783998313647753,False
2009-07-24,0.3900958333333333,0.6775968688744455,Friday,0.5930130952380953,0.15597445281141878,-1.3009647301029452,False
2009-07-25,0.3727,0.672164600355927,Saturday,0.5503819444444444,0.17111582313362592,-1.0383723795413764,False
2009-07-26,0.3770944444444444,0.6551667762818529,Sunday,0.4848434523809524,0.1252632621182047,-0.8601804400944837,False
2009-07-27,0.4781708333333334,0.6315444151707418,Monday,0.48743075396825397,0.12485240664935315,-0.07416693745381293,False
2009-07-28,0.6269791666666666,0.6279207114670381,Tuesday,0.4962688492063492,0.1331798677258535,0.9814570301975403,False
2009-07-29,0.6263888888888889,0.6254176096151862,Wednesday,0.5123867063492064,0.1421471491694887,0.8020011882457972,False
2009-07-30,0.5502263888888889,0.6161555725781492,Thursday,0.48880793650793647,0.11373230126101265,0.5400264630186165,False
2009-07-31,0.6776597222222223,0.6105418688744455,Friday,0.5298884920634921,0.12363781207071718,1.195194477189627,False
2009-08-01,0.4909486111111111,0.5981434429485195,Saturday,0.5467811507936507,0.10529989735700897,-0.5302240655871193,False
2009-08-02,0.3400861111111111,0.5894762207262972,Sunday,0.541494246031746,0.1156589900558062,-1.7413962790393918,False
2009-08-03,0.3474291666666667,0.5723866373929639,Monday,0.5228168650793651,0.1363032772917884,-1.2867460115228253,False
2009-08-04,0.3533972222222222,0.5515106188744454,Tuesday,0.48373373015873017,0.1406131161913182,-0.9269157207153572,False
2009-08-05,0.360175,0.5414271003559269,Wednesday,0.44570317460317455,0.13129121198393326,-0.6514386858858536,False
2009-08-06,0.3699111111111111,0.5280598781337047,Thursday,0.4199438492063492,0.12489917848324135,-0.40058500546463865,False
2009-08-07,0.3745111111111111,0.5119695077633344,Friday,0.3766369047619048,0.051828324208275905,-0.041016059910621114,False
2009-08-08,0.3656055555555555,0.5045671929485195,Saturday,0.35873075396825393,0.012430901982287584,0.5530412513184706,False
2009-08-09,0.6932180555555556,0.5001183333333333,Sunday,0.40917817460317457,0.12559637761458148,2.2615292442909163,False
2009-08-10,0.7426097222222222,0.5018634722222222,Monday,0.4656325396825397,0.17306101526644585,1.6004597113523613,False
2009-08-11,0.6603847222222222,0.5119902314814815,Tuesday,0.5094878968253969,0.17868468023214187,0.8444866409408163,False
2009-08-12,0.5725250000000001,0.5195756481481482,Wednesday,0.5398236111111111,0.16673673659777727,0.19612587817269836,False
2009-08-13,1.10535883424408,0.5353230259562841,Thursday,0.6448875715586782,0.25182587120236183,1.828530406692715,False
2009-08-14,0.5199138888888889,0.5360314055859138,Friday,0.6656593969555035,0.23093733866016997,-0.6311041294239678,False
2009-08-15,1.0514319444444444,0.5572005722525805,Saturday,0.7636345953682019,0.2278839252974494,1.2629120228668613,False
2009-08-16,0.8456333333333333,0.5684483500303582,Sunday,0.7854082064793131,0.22731518992242322,0.26494105772066323,False
2009-08-17,0.5457694444444444,0.5642700629933213,Monday,0.7572881667967735,0.24498062610795396,-0.8634099998549294,False
2009-08-18,0.7504152777777777,0.5614217759562841,Tuesday,0.7701496747332813,0.24138215666508267,-0.08175582333074043,False
2009-08-19,0.6116263888888889,0.5664739981785064,Wednesday,0.7757355874316939,0.23644864716764852,-0.6940585218339065,False
2009-08-20,0.5386958333333334,0.5655934426229509,Thursday,0.6947837301587302,0.1987929049273567,-0.7851784090706595,False
2009-08-21,0.8067680555555556,0.575366914845173,Friday,0.735762896825397,0.18588423697771514,0.3819859063072205,False
2009-08-22,1.0755125,0.5873747389192471,Saturday,0.7392029761904764,0.19279423554273334,1.7443961582294294,False
2009-08-23,0.7407694444444445,0.5990638592896175,Sunday,0.7242224206349207,0.18713712313835748,0.08842192041869716,False
2009-08-24,0.8696208333333333,0.6156278870673954,Monday,0.7704869047619047,0.17532552267246213,0.5654278228311778,False
2009-08-25,0.6552847222222222,0.6249008963266545,Tuesday,0.7568968253968255,0.1807438676941786,-0.5621883855364458,False
2009-08-26,0.7892680555555556,0.635270803734062,Wednesday,0.7822742063492064,0.16903963579836917,0.04137401960976439,False
2009-08-27,0.5204625,0.6317202481785065,Thursday,0.7796694444444444,0.17350016479984082,-1.4939867333467927,False
2009-08-28,0.7769736111111112,0.6367397389192472,Friday,0.7754130952380952,0.17308955309640378,0.009015656029493785,False
2009-08-29,0.9641763888888888,0.6505380722525804,Saturday,0.7595079365079366,0.14350439605258436,1.426217300729627,False
2009-08-30,1.158570833333333,0.6665684426229509,Sunday,0.8191938492063492,0.2071731471635372,1.638132107242105,False
2009-08-31,0.8788347222222221,0.6794979796599879,Monday,0.8205101190476191,0.2075758104387226,0.2809797685545869,False
2009-09-01,0.6809277777777777,0.6908593685488766,Tuesday,0.8241734126984126,0.20437553778580095,-0.7008942286956367,False
2009-09-02,0.8491763888888889,0.7075842759562841,Wednesday,0.8327317460317458,0.20392409210553983,0.08064100071428662,False
2009-09-03,0.8688805555555557,0.7247670537340619,Thursday,0.8825057539682539,0.1505338851093672,-0.0905125009083448,False
2009-09-04,0.7113805555555555,0.7364739055859139,Friday,0.8731353174603174,0.15994523447628411,-1.0113134188361586,False
2009-09-05,1.051295833333333,0.7591867296599878,Saturday,0.8855809523809521,0.17120324379679738,0.9679424132236033,False
2009-09-06,0.8532152777777778,0.7751435352155434,Sunday,0.8419587301587301,0.12183806056138796,0.09238941893182967,False
2009-09-07,0.8482347222222223,0.7912311741044322,Monday,0.8375873015873015,0.12083932967622145,0.08811221200456498,False
2009-09-08,0.7543430555555555,0.7932686741044322,Tuesday,0.8480751984126983,0.10741685762953068,-0.872601795710828,False
2009-09-09,1.056488888888889,0.8037313129933212,Wednesday,0.8776912698412698,0.13324511233526365,1.3418700011880287,False
2009-09-10,0.7724680555555555,0.8074674241044323,Thursday,0.8639180555555556,0.1391593486400234,-0.6571603050296129,False
2009-09-11,0.8431569444444444,0.8164884889192471,Friday,0.8827432539682539,0.12306811396192302,-0.32166178752083086,False
2009-09-12,1.4335819444444446,0.8274292592592593,Saturday,0.9373555555555555,0.23979516625901642,2.0693761122477623,False
2009-09-13,1.0912453092425294,0.8464736399377139,Sunday,0.9713598457648059,0.24273399646664234,0.4938964678324269,False
2009-09-14,1.0936513888888888,0.8478809547525289,Monday,1.0064193695743298,0.2396907703159937,0.3639356626021005,False
2009-09-15,1.0116708333333333,0.8534155380858621,Tuesday,1.0431804806854408,0.2128126903325642,-0.14806282136120308,False
2009-09-16,1.2105291666666669,0.8755741954932694,Wednesday,1.0651862346536947,0.2221764102075411,0.6541780555244519,False
2009-09-17,0.8496013888888888,0.8788803991969731,Thursday,1.0762052822727424,0.20660634912482986,-1.0967905601339547,False
2009-09-18,0.9541888888888888,0.8902991491969732,Friday,1.0920669886219487,0.1892671909338129,-0.7284838912269598,False
2009-09-19,1.4831319444444444,0.921780352900677,Saturday,1.09914556005052,0.20448349924936154,1.8778355505627593,False
2009-09-20,1.413422222222222,0.9420021584562325,Sunday,1.1451708333333332,0.23620617221304624,1.1356662968440099,False
2009-09-21,0.9846305555555556,0.9389727603080843,Monday,1.1295964285714286,0.24364630368511778,-0.5949849056738542,False
2009-09-22,0.86565,0.9431354454932694,Tuesday,1.1087363095238094,0.2610543963024791,-0.9311711006090454,False
2009-09-23,1.1365347222222222,0.9520325751228991,Wednesday,1.0981656746031745,0.25772245559192114,0.14887739421434587,False
2009-09-24,0.9904569444444444,0.9632049825303066,Thursday,1.1182878968253969,0.2399679924238537,-0.5327000117380887,False
2009-09-25,0.8062611111111112,0.9637714177154917,Friday,1.0971553571428572,0.2623019777822919,-1.1090051569233128,False
2009-09-26,1.0807319444444443,0.9824470658636398,Saturday,1.039669642857143,0.2004052213234154,0.20489636605343053,False
2009-09-27,0.9794944444444444,0.9891977603080843,Sunday,0.9776799603174603,0.11402085710845908,0.015913615920797493,False
2009-09-28,0.9024,0.9871385473451213,Monday,0.965932738095238,0.11737214048781794,-0.5412931708596738,False
2009-09-29,0.7961097222222222,0.9750565103080843,Tuesday,0.9559984126984127,0.12958247668881956,-1.2338758647139343,False
2009-09-30,1.232778859527121,0.9868546482182475,Wednesday,0.9697475751705411,0.15461807246582285,1.7011677882268317,False
2009-10-01,0.893925,0.993954555625655,Thursday,0.9559572973927634,0.1567532416462948,-0.3957321503611128,False
2009-10-02,0.8004638888888889,0.9923308056256551,Friday,0.9551291227895886,0.15768847103725245,-0.9808277858446703,False
2009-10-03,1.1921805555555556,1.0031074722923217,Saturday,0.9710503529483189,0.17693541070532112,1.2497792370998038,False
2009-10-04,1.1257680555555556,1.0169203889589882,Sunday,0.9919465831070491,0.18647901362874778,0.7176221594292929,False
2009-10-05,0.8857791666666667,1.011403166736766,Monday,0.9895721783451442,0.18790955285516514,-0.5523562272455513,False
2009-10-06,0.9919777777777778,1.0160285834034328,Tuesday,1.017553329138795,0.16780815023250334,-0.15240947072941022,False
2009-10-07,1.2651625,1.0299261759960254,Wednesday,1.0221795634920634,0.1750218605204905,1.3883005002080273,False
2009-10-08,1.0952541666666666,1.0412898796997292,Thursday,1.050940873015873,0.16678133591334485,0.2656969582844554,False
2009-10-09,0.9387930555555556,1.0373666852552847,Friday,1.0707021825396825,0.1378410509483856,-0.9569654763697364,False
2009-10-10,1.3977472222222225,1.0582093241441735,Saturday,1.1000688492063493,0.18264975000070754,1.62977706246365,False
2009-10-11,1.3469659485753998,1.0750029576152054,Sunday,1.1316685482091842,0.20553731562350977,1.0474857069778205,False
2009-10-12,0.938613888888889,1.0585040224300202,Monday,1.1392163656695016,0.19573930595451158,-1.024845141870643,False
2009-10-13,1.0063194444444443,1.0556731602700842,Tuesday,1.1412651751933112,0.1940087033858789,-0.6955653452333159,False
2009-10-14,1.18835,1.0588297806404543,Wednesday,1.1302919609075968,0.1879094709105604,0.3089681366834205,False
2009-10-15,1.0347055555555555,1.0595976047145284,Thursday,1.1216421593202954,0.19115665300902535,-0.45479245632447446,False
2009-10-16,1.053375,1.0543591324923063,Friday,1.1380110085266444,0.17729271072691735,-0.4773800805438,False
2009-10-17,1.9042222222222225,1.089513160270084,Saturday,1.2103645799552158,0.33455634300270004,2.073963494577674,False
2009-10-18,1.0806694444444445,1.0937291787886025,Sunday,1.1723222222222223,0.3315614641996,-0.2764277145386318,False
2009-10-19,0.9507694444444444,1.075983762121936,Monday,1.1740587301587302,0.3301623255576984,-0.676301529367754,False
2009-10-20,1.1963944444444443,1.0687495028626766,Tuesday,1.2012123015873015,0.3217773993455296,-0.014972639945056291,False
2009-10-21,1.3677125,1.0815189010108248,Wednesday,1.226835515873016,0.3276698546490707,0.42993574821785535,False
2009-10-22,0.9720208333333332,1.0850645954552691,Thursday,1.2178805555555556,0.3345794533093393,-0.7348320997909873,False
2009-10-23,1.2204513888888888,1.0878618176774915,Friday,1.2417486111111111,0.32675607780729005,-0.06517773859062753,False
2009-10-24,1.815561111111111,1.1153652898997137,Saturday,1.229082738095238,0.29717664098055013,1.9735009154177001,False
2009-10-25,1.6712055555555556,1.1441967713811951,Sunday,1.3134450396825397,0.3300279862248863,1.0840308422487304,False
2009-10-26,0.7724611111111112,1.1339210769367507,Monday,1.2879724206349206,0.367445885696832,-1.4029584480070665,False
2009-10-27,0.775525,1.1271220954552692,Tuesday,1.2278482142857143,0.4161350472626167,-1.0869625552116975,False
2009-10-28,0.8810472222222223,1.12641033619601,Wednesday,1.1583246031746033,0.4293181507782451,-0.6458552484905362,False
2009-10-29,1.376,1.145740012121936,Thursday,1.2160359126984126,0.4272477354188604,0.3744059337020557,False
2009-10-30,1.0370541666666666,1.1392158556932541,Friday,1.1898363095238094,0.432522407716314,-0.35323520846890005,False
2009-10-31,1.3027375,1.1528429390265873,Saturday,1.1165757936507936,0.343049857466791,0.5426666191436267,False
2009-11-01,1.2799777777777777,1.1688267353228838,Sunday,1.060686111111111,0.2592680940562329,0.8458104629685143,False
2009-11-02,1.0446013888888888,1.163907429767328,Monday,1.0995632936507937,0.22727541588042088,-0.24182952013966505,False
2009-11-03,1.5740888888888889,1.1788514575451061,Tuesday,1.2136438492063493,0.23769651542622292,1.5164085978972452,False
2009-11-04,1.25125,1.191033818656217,Wednesday,1.2665299603174602,0.18717768818768218,-0.08163344929305419,False
2009-11-05,1.0836569444444444,1.1940897908784394,Thursday,1.2247666666666668,0.19125138918979964,-0.737823253572207,False
2009-11-06,0.9655902777777778,1.1841040501376985,Friday,1.2145575396825397,0.20439724280061342,-1.2180558724445507,False
2009-11-07,1.0813722222222222,1.1836413186562171,Saturday,1.1829339285714284,0.20560141500584178,-0.49397377127156716,False
2009-11-08,1.7416680555555557,1.2104038186562172,Sunday,1.2488896825396825,0.2960706100273241,1.6643947637031422,False
2009-11-09,0.9762001389854064,1.1963522492149898,Monday,1.2391180754106137,0.30493286879563164,-0.8622157967543241,False
2009-11-10,1.1154055555555555,1.1886335694476615,Tuesday,1.1735918849344231,0.26800121176652036,-0.21711218764771428,False
2009-11-11,1.417,1.2045797731513654,Wednesday,1.1972704563629946,0.2829133852965995,0.7766671888169815,False
2009-11-12,1.0160180555555556,1.2049030601884025,Thursday,1.1876077579502962,0.28853963621531087,-0.5946832977452665,False
2009-11-13,1.0645319444444443,1.200775791669884,Friday,1.20174228175982,0.2780851581285555,-0.4934112206446665,False
2009-11-14,1.7780944444444446,1.2255554212995134,Saturday,1.301274027791566,0.34456131915562,1.383847780190104,False
2009-11-15,1.366186111111111,1.2359824583365506,Sunday,1.2476337500137882,0.2893846169085126,0.40967057048095484,False
2009-11-16,1.0517138888888888,1.2075655138921062,Monday,1.2584214285714286,0.2787933845898463,-0.7414363148775663,False
2009-11-17,1.186315277777778,1.2110870416698838,Tuesday,1.268551388888889,0.27397747843023,-0.30015646388998024,False
2009-11-18,1.8327597222222225,1.24048671759581,Wednesday,1.3279456349206349,0.34688669383342996,1.455270831299145,False
2009-11-19,1.0242,1.234746902780995,Thursday,1.3291144841269842,0.345672123709168,-0.8820916215492246,False
2009-11-20,1.361816666666667,1.2345503750032172,Friday,1.3715837301587304,0.3254164913578954,-0.03001403970434178,False
2009-11-21,1.733927777777778,1.2599472731513655,Saturday,1.3652742063492063,0.3165277593058392,1.1646800654610734,False
2009-11-22,1.7020666666666668,1.2760011157439581,Sunday,1.413257142857143,0.34118683270117867,0.8464849640386668,False
2009-11-23,1.0216125,1.2495361620402543,Monday,1.4089569444444445,0.3466490272826388,-1.1173965999005238,False
2009-11-24,1.4783722222222224,1.2431083842624766,Tuesday,1.4506793650793652,0.3326803107748219,0.0832416474493478,False
2009-11-25,1.3750902777777778,1.2631960231513655,Wednesday,1.385298015873016,0.28689789127253607,-0.03557969021647973,False
2009-11-26,1.110851388888889,1.274373569447662,Thursday,1.3976767857142858,0.27009841925238454,-1.0619291946221365,False
2009-11-27,0.9583513888888888,1.2769503750032172,Friday,1.340038888888889,0.3178534522386898,-1.200828549483158,False
2009-11-28,1.2909375,1.2741149583365505,Saturday,1.2767545634920636,0.2662746236859273,0.05326431903877299,False
2009-11-29,1.1465013888888889,1.2777631990772915,Sunday,1.197388095238095,0.19034849693835082,-0.26733442694683934,False
2009-11-30,1.2119375,1.2747365324106248,Monday,1.224577380952381,0.17394210062268034,-0.0726671743478588,False
2009-12-01,1.2197069444444444,1.272727504632847,Tuesday,1.1876251984126984,0.1339084135704047,0.2395797633348738,False
2009-12-02,1.6289361111111111,1.292205328706921,Wednesday,1.2238888888888888,0.20736262854652135,1.9533279697568595,False
2009-12-03,1.0275611111111111,1.2739877361143284,Thursday,1.2119902777777778,0.2170912402664802,-0.8495467916636307,False
2009-12-04,1.1883986111111111,1.271892689818032,Friday,1.2448541666666666,0.1877211025393986,-0.30074165766050026,False
2009-12-05,1.6331680555555557,1.290209726855069,Saturday,1.293744246031746,0.23922360450085187,1.4188558450660786,False
2009-12-06,1.651588888888889,1.3130763472254396,Sunday,1.3658996031746031,0.2624548082347868,1.0885275359814097,False
2009-12-07,1.2101652777777778,1.3173694490772914,Monday,1.3656464285714287,0.2626288764284916,-0.5920184897717642,False
2009-12-08,1.3936694444444444,1.3057694953735877,Tuesday,1.3904982142857143,0.25462627450952485,0.012454449819990917,False
2009-12-09,1.2516361111111112,1.3149506944444445,Wednesday,1.3365982142857145,0.2349116220621258,-0.36167688268796605,False
2009-12-10,1.4285716272600837,1.325389563501262,Thursday,1.3938854308784248,0.19195625471279376,0.18069844316121217,False
2009-12-11,1.2392097222222225,1.3194632209086696,Friday,1.401144161037155,0.18367277966797863,-0.8816463664766104,False
2009-12-12,1.261375,1.3276417857234841,Saturday,1.3480308673863612,0.15725102912130995,-0.5510670923464126,False
2009-12-13,1.4852875,1.3416669709086695,Sunday,1.3242735261165197,0.10886409638220992,1.479036516485453,False
2009-12-14,1.2464319444444445,1.3239448875753363,Monday,1.3294544784974724,0.10324652739273212,-0.8041193844440351,False
2009-12-15,1.3473027777777775,1.3233154431308918,Tuesday,1.3228306689736626,0.09987237562619908,0.24503381090792056,False
2009-12-16,0.9686625,1.3205470635012622,Wednesday,1.2824058673863612,0.16771713450560488,-1.8706697339613583,False
2009-12-17,1.1924875,1.320752804242003,Thursday,1.2486795634920635,0.15680819581790512,-0.3583490212292038,False
2009-12-18,1.2116013888888888,1.300047526464225,Friday,1.2447355158730158,0.1574320415347932,-0.2104662218764672,False
2009-12-19,1.5307875,1.316933776464225,Saturday,1.283223015873016,0.19143708183460686,1.2931898133553283,False
2009-12-20,0.7945597222222222,1.2980252116494102,Sunday,1.184547619047619,0.24141694881597456,-1.6154122514516318,False
2009-12-21,1.4131708333333333,1.287333313501262,Monday,1.2083674603174601,0.25630713007619005,0.7990545286625196,False
2009-12-22,1.3111263888888889,1.2743019709086696,Tuesday,1.2031994047619048,0.2533868856587786,0.4259375296649058,False
2009-12-23,1.0105555555555557,1.2739334060938545,Wednesday,1.2091841269841268,0.24734687437696792,-0.803036512706654,False
2009-12-24,2.017981944444444,1.2919203968345954,Thursday,1.3271119047619047,0.3923453547490665,1.7608722298353727,False
2009-12-25,1.4775333333333334,1.2953351653531138,Friday,1.3651021825396825,0.3921713832020841,0.2866888192495055,False
2009-12-26,1.5164013888888888,1.308853498686447,Saturday,1.3630470238095236,0.3911948837629709,0.39201526258273917,False
2009-12-27,1.5246194444444443,1.3277291005382992,Sunday,1.4673412698412698,0.30138221282684946,0.1900516094361616,False
2009-12-28,1.4542347222222225,1.3331723412790397,Monday,1.4732075396825395,0.30055057333625956,-0.06312687162665954,False
2009-12-29,1.4222,1.3423622949827434,Tuesday,1.4890751984126982,0.2934146310551448,-0.22792046249435208,False
2009-12-30,1.7021597222222222,1.3587030357234842,Wednesday,1.5878757936507935,0.21001822804007275,0.5441619503123448,False
2009-12-31,1.536036111111111,1.3692473412790396,Thursday,1.5190263888888889,0.0905173138478272,0.1879167807698967,False
2010-01-01,0.850175,1.3432886375753361,Friday,1.4294037698412698,0.2703625080276271,-2.1424152855620093,False
2010-01-02,0.9095455177206392,1.3393547844623204,Saturday,1.3427100739600912,0.32879800098772055,-1.317418460386653,False
2010-01-03,1.4468430555555556,1.3479695992771352,Sunday,1.3315991612616787,0.3228872984082144,0.3569167782753051,False
2010-01-04,1.1139805555555555,1.3306633492771354,Monday,1.2829914231664403,0.32693440630559584,-0.5169565036630163,False
2010-01-05,1.541513888888889,1.3269941826104685,Tuesday,1.3000362644362817,0.3383139043551481,0.7137679573438815,False
2010-01-06,1.234152777777778,1.327793765943802,Wednesday,1.233178129515647,0.28812181288396194,0.0033827645757721456,False
2010-01-07,1.2287791666666668,1.3222974233512093,Thursday,1.1892842803092978,0.2558954142575519,0.15433995357813807,False
2010-01-08,1.248061111111111,1.3221782566845426,Friday,1.2461251533251707,0.20766085980071525,0.009322689830901338,False
2010-01-09,1.6228472222222223,1.3286541098499471,Saturday,1.348025396825397,0.189158771437996,1.4528632392122964,False
2010-01-10,1.7419902777777776,1.345413461701799,Sunday,1.3901892857142857,0.24072290014830455,1.4614355005143025,False
2010-01-11,1.0546416666666667,1.3385223505906878,Monday,1.3817123015873016,0.25281185861831046,-1.2937313807515598,False
2010-01-12,1.4362127659574468,1.3368865261226026,Tuesday,1.366669284025667,0.24472185633871657,0.2841735632943453,False
2010-01-13,,,Wednesday,,,,False
2010-01-14,2.0754630872483224,,Thursday,,,,False
2010-01-15,1.525527777777778,,Friday,,,,False
2010-01-16,1.4931333333333334,,Saturday,,,,False
2010-01-17,1.3239972222222225,,Sunday,,,,False
2010-01-18,1.3063180555555556,,Monday,,,,False
2010-01-19,1.689936111111111,,Tuesday,,,,False
2010-01-20,1.6331444444444445,,Wednesday,1.578217147384681,0.2618281787418008,0.20978374949447057,False
2010-01-21,1.484622222222222,,Thursday,1.4938113095238097,0.14315494993759448,-0.06418979787700968,False
2010-01-22,1.2434902777777777,,Friday,1.4535202380952383,0.16992700867709276,-1.2360010451109298,False
2010-01-23,1.8127241139680332,,Saturday,1.4991760639001952,0.21837207383494048,1.43584316694651,False
2010-01-24,1.575986111111111,,Sunday,1.535174476598608,0.2050443580257315,0.19903807598247392,False
2010-01-25,1.3406319444444443,,Monday,1.5400764607255921,0.1989817670771021,-1.002325585961182,False
2010-01-26,1.4358083333333331,,Tuesday,1.5037724924716238,0.19006601597606346,-0.35758185801532216,False
2010-01-27,1.917293055555556,,Wednesday,1.5443651512017824,0.24477144070560727,1.5235760482461815,False
2010-01-28,1.4654402777777775,,Thursday,1.541624873424005,0.2456575201835659,-0.31012523284163684,False
2010-01-29,1.4534652777777777,,Friday,1.5716213019954333,0.21396069749314378,-0.5522323753942792,False
2010-01-30,1.9741166666666667,,Saturday,1.594677380952381,0.24994197781124008,1.5181094789961367,False
2010-01-31,1.2494416666666666,,Sunday,1.5480281746031745,0.2823801366102614,-1.057392037275676,False
2010-02-01,1.1762347222222225,,Monday,1.5245428571428572,0.3081632422672521,-1.1302715157006535,False
2010-02-02,1.4982166666666663,,Tuesday,1.5334583333333334,0.3060638157550795,-0.1151448320662263,False
2010-02-03,2.0159819444444445,,Wednesday,1.547556746031746,0.32816635529848476,1.4274016542208927,False
2010-02-04,1.6085208333333334,,Thursday,1.5679968253968253,0.32665166670583595,0.12405878208177568,False
2010-02-05,1.4575638888888889,,Friday,1.5685823412698412,0.32641574370580745,-0.3401136572659045,False
2010-02-06,1.8840180555555557,,Saturday,1.5557111111111108,0.30907532718453923,1.0622230749865809,False
2010-02-07,1.1289638888888889,,Sunday,1.5385000000000002,0.3315126970669703,-1.2353557336851542,False
2010-02-08,1.7932208333333333,,Monday,1.626640873015873,0.29963001821088064,0.555952174992763,False
2010-02-09,1.6812027777777776,,Tuesday,1.652781746031746,0.29449665953366244,0.09650714473650233,False
2010-02-10,1.3513148019457957,,Wednesday,1.5578292971033676,0.263383704952154,-0.7840822772049892,False
2010-02-11,0.9512277777777778,,Thursday,1.4639302891668595,0.34638669666729366,-1.4801449256624752,False
2010-02-12,1.3145819444444444,1.5287196038091089,Friday,1.4435042971033678,0.351009570317026,-0.3672901355438339,False
2010-02-13,1.633025,1.5139716675674981,Saturday,1.4076481463097168,0.3087912971888569,0.7298678937588146,False
2010-02-14,1.1721320361362058,1.5021918095127789,Sunday,1.413815024487905,0.3026684383472208,-0.7985074019328072,False
2010-02-15,1.4563416666666666,1.5009654206238898,Monday,1.3656894292498098,0.25537434565733524,0.3549778548957897,False
2010-02-16,1.248441666666667,1.4984469021053717,Tuesday,1.3038664133767939,0.21553812741193049,-0.2571459044190393,False
2010-02-17,1.4267777777777777,1.5024622261794456,Wednesday,1.3146468384956485,0.2201448149023589,0.5093508077029333,False
2010-02-18,1.223025,1.4868985224757418,Thursday,1.3534750130988231,0.16152925161588322,-0.8075937441289792,False
2010-02-19,1.356647222222222,1.4776819484016677,Friday,1.3594843384956483,0.16062108773176786,-0.017663410910056316,False
2010-02-20,1.377588888888889,1.47411417062389,Saturday,1.3229934654797755,0.10876350299257644,0.5019645552685064,False
2010-02-21,1.9029958333333328,1.4960976891424085,Sunday,1.4274025793650793,0.22668323416728622,2.098052181562216,False
2010-02-22,1.0236361111111112,1.4697947557138444,Monday,1.3655874999999997,0.2719540076830704,-1.2573868346422445,False
2010-02-23,1.0147777777777778,1.4510878112694,Tuesday,1.3322069444444442,0.30146817916191143,-1.0529441865112494,False
2010-02-24,1.3293597222222222,1.4507120705286591,Wednesday,1.3182900793650791,0.2986098593216995,0.037070587295034624,False
2010-02-25,1.3056972222222225,1.4463750334916223,Thursday,1.3301003968253968,0.29583606046247474,-0.08248884387192457,False
2010-02-26,1.4723305555555557,1.4315429501582888,Friday,1.3466265873015872,0.300756470512803,0.41795931452326746,False
2010-02-27,1.2257333333333331,1.4235527186768073,Saturday,1.3249329365079365,0.30361404794960306,-0.3267292928127936,False
2010-02-28,0.4942125,1.3915776260842148,Sunday,1.1236781746031748,0.3228788000923452,-1.9495416683385345,False
2010-03-01,0.9018944444444444,1.3558368853434741,Monday,1.106286507936508,0.332306744666153,-0.615070463578472,False
2010-03-02,0.5325736111111111,1.3319412834916224,Tuesday,1.0374001984126984,0.3979367642631908,-1.268610072347326,False
2010-03-03,0.6498847222222222,1.314396283491622,Wednesday,0.9403323412698413,0.3977215752729236,-0.7302787605834782,False
2010-03-04,0.4742222222222222,1.2802631353434741,Thursday,0.8215501984126983,0.39456673986339136,-0.8802768735923598,False
2010-03-05,0.7873097222222223,1.2393073946027333,Friday,0.7236900793650793,0.2722494535976206,0.23368143449489356,False
2010-03-06,0.5518833333333333,1.2040861446027333,Saturday,0.6274257936507937,0.161926439113378,-0.46652332213991865,False
2010-03-07,0.9531055555555557,1.1872708668249556,Sunday,0.6929819444444444,0.18954300016290124,1.372372553391843,False
2010-03-08,1.7757625,1.1836623483064372,Monday,0.8178202380952381,0.45373200522003726,2.111251247176641,False
2010-03-09,1.2223000000000002,1.1867735520101408,Tuesday,0.9163525793650794,0.45634677585835076,0.6704274837035034,False
2010-03-10,1.2657166666666666,1.1691900797879184,Wednesday,1.0043285714285715,0.4557751637534209,0.5735022792499259,False
2010-03-11,1.3549236111111111,1.1583141075656964,Thursday,1.1301430555555556,0.4036263017600333,0.5569026462730212,False
2010-03-12,1.1426555555555555,1.1513587993526884,Friday,1.1809067460317462,0.3746261138680708,-0.10210497629554265,False
2010-03-13,1.6548680555555555,1.1748134752786143,Saturday,1.338475992063492,0.28787750557283676,1.099051010819642,False
2010-03-14,1.0879958333333333,1.1672606049082437,Sunday,1.3577460317460317,0.2610464022821209,-1.0333419501455954,False
2010-03-15,1.2443402777777777,1.1543044475008366,Monday,1.2818285714285713,0.18558475902798388,-0.20200092856300164,False
2010-03-16,1.0712847222222224,1.1509428703703706,Tuesday,1.2602549603174604,0.20173304697402056,-0.9367341688918915,False
2010-03-17,1.3952291666666663,1.1489057870370372,Wednesday,1.278756746031746,0.20815432058513939,0.5595484172872633,False
2010-03-18,1.0851958333333334,1.143464259259259,Thursday,1.2402242063492062,0.2165026814142976,-0.7160575194873078,False
2010-03-19,1.1551277777777778,1.1344092592592594,Friday,1.2420059523809523,0.2156154001004846,-0.4029312125325288,False
2010-03-20,0.5678103448275862,1.1125687707535121,Saturday,1.086711993705528,0.2563237244715684,-2.024399613994758,False
2010-03-21,1.4771046698872787,1.1165840190090142,Sunday,1.1422989703560917,0.29580019154883525,1.1318643770246244,False
2010-03-22,1.1240208333333332,1.1081317504904955,Monday,1.1251104782925996,0.2923582482670717,-0.0037270881383546055,False
2010-03-23,1.265390277777778,1.086878231971977,Tuesday,1.1528398433719647,0.2955894839953618,0.38076603025424044,False
2010-03-24,1.3852444444444445,1.098931843083088,Wednesday,1.151413454483076,0.2942459092741489,0.794678813167486,False
2010-03-25,1.166586111111111,1.1039921208608658,Thursday,1.1630406370227586,0.29279771950647876,0.01210895390281219,False
2010-03-26,1.146725,1.0979042967867918,Friday,1.1618402401973618,0.29285278647909607,-0.051613783085655215,False
2010-03-27,1.2833125,1.0971581393793843,Saturday,1.264054833793421,0.13122865451309637,0.14674894197484298,False
2010-03-28,1.2487597222222222,1.089705778268273,Sunday,1.231434126984127,0.09194263862240083,0.18843917792320242,False
2010-03-29,1.126901388888889,1.0864113801201252,Monday,1.231845634920635,0.09138652808300911,-1.1483557613264619,False
2010-03-30,1.3239263888888888,1.1140685097497547,Tuesday,1.2402079365079364,0.0974449508376306,0.8591358675982074,False
2010-03-31,1.3359736111111111,1.1285378153053105,Wednesday,1.233169246031746,0.08637301306439864,1.1902371056885028,False
2010-04-01,1.1718333333333333,1.1498464727127178,Thursday,1.233918849206349,0.08571914538303646,-0.7242899540771941,False
2010-04-02,1.1448763888888889,1.1663461949349399,Friday,1.2336547619047618,0.08603481419018288,-1.0318889376529048,False
2010-04-03,1.2536652777777777,1.192327630120125,Saturday,1.2294194444444444,0.08388573568777656,0.2890340429697905,False
2010-04-04,1.1738805555555556,1.2052133245645698,Sunday,1.2187224206349205,0.08576172176161236,-0.5228657279527301,False
2010-04-05,0.7769583333333333,1.2127158245645695,Monday,1.1687305555555556,0.18857383101268427,-2.0775534978438768,False
2010-04-06,1.267952777777778,1.2232107319719772,Tuesday,1.1607343253968254,0.18196715055115084,0.5892187246775262,False
2010-04-07,1.1090152777777778,1.2009858245645697,Wednesday,1.1283117063492063,0.1649645074583472,-0.11697321362475992,False
2010-04-08,1.1452916666666666,1.1984188801201252,Thursday,1.1245200396825397,0.1641002144067814,0.12657891434947785,False
2010-04-09,0.8564930555555554,1.1847780930830882,Friday,1.0833224206349206,0.19197076981099526,-1.181582827962246,False
2010-04-10,0.8265333333333333,1.1671650838238288,Saturday,1.0223035714285713,0.19662888285603644,-0.9956331707309392,False
2010-04-11,1.1138359972202918,1.1662044318793199,Sunday,1.0137257773806765,0.1901162181572391,0.5265738021193822,False
2010-04-12,0.9996013888888888,1.1443622096570978,Monday,1.0455319281743274,0.16016882532183618,-0.28676328987958644,False
2010-04-13,1.0504888888888888,1.1431119781756165,Tuesday,1.0144656583330576,0.1276205710286762,0.28226821323136736,False
2010-04-14,1.1530305555555556,1.140068320768209,Wednesday,1.0207535551584543,0.13398127828036546,0.987279731130062,False
2010-04-15,1.3001236111111112,1.147696283731172,Thursday,1.0428724043648034,0.16674285596456118,1.5428019704843177,False
2010-04-16,1.0847652777777776,1.1373474874348757,Friday,1.075482721825121,0.14513947409159422,0.06395610850014917,False
2010-04-17,1.0817444444444444,1.1372324411385792,Saturday,1.111941451983851,0.09587451846356566,-0.3149638509097929,False
2010-04-18,1.0250736111111112,1.1328973022496904,Sunday,1.0992611111111112,0.10129859731458958,-0.7323645338306691,False
2010-04-19,1.186523611111111,1.1535210777924747,Monday,1.1259642857142855,0.09509618099854317,0.6368218445886198,False
2010-04-20,1.2733527777777778,1.1467293480554912,Tuesday,1.157801984126984,0.10262477009987983,1.1259542266290457,False
2010-04-21,1.0971625,1.1458340702777137,Wednesday,1.1498208333333333,0.10519786892403983,-0.5005646394924238,False
2010-04-22,1.0145166666666667,1.1374716165740097,Thursday,1.1090198412698413,0.09170859246643348,-1.0304724133429914,False
2010-04-23,0.8198166666666667,1.1186240239814174,Friday,1.0711700396825397,0.1434600615630379,-1.752079082340457,False
2010-04-24,1.0544569444444445,1.1148863850925281,Saturday,1.0672718253968256,0.14349557053330447,-0.08930506290023,False
2010-04-25,1.071348611111111,1.1123738387962319,Sunday,1.0738825396825398,0.142288376583939,-0.01780840172797907,False
2010-04-26,0.751886111111111,1.094659625833269,Monday,1.0117914682539684,0.17582305198100948,-1.478221167329808,False
2010-04-27,0.8687083333333334,1.0819912462036394,Tuesday,0.9539851190476191,0.13793109417775903,-0.6182564288541421,False
2010-04-28,0.6026791666666667,1.0645171721295652,Wednesday,0.8833446428571429,0.17422949045890976,-1.6108953510179054,False
2010-04-29,0.7664749999999999,1.0459354591666024,Thursday,0.8479101190476189,0.16822537824866785,-0.48408343553992805,False
2010-04-30,0.776825,1.0272971721295654,Friday,0.8417684523809524,0.17019522071172,-0.38158211558099475,False
2010-05-01,0.9167763888888888,1.018795273981417,Saturday,0.8220998015873014,0.14803168806785091,0.6395697335977953,False
2010-05-02,1.5193819444444443,1.0312787924999356,Sunday,0.8861045634920635,0.2963335493736521,2.137042472210497,False
2010-05-03,0.9800708333333332,1.0221589776851208,Monday,0.9187023809523808,0.29162138064404414,0.21043879651560726,False
2010-05-04,1.0534444444444444,1.0181444406480837,Tuesday,0.9450932539682538,0.29468594851678254,0.36768360019045804,False
2010-05-05,1.253686111111111,1.0340353665740096,Wednesday,1.038094246031746,0.2703321112208927,0.7975074219103833,False
2010-05-06,0.9022569444444444,1.0218455054628985,Thursday,1.0574916666666667,0.25183249735340596,-0.616420532908331,False
2010-05-07,1.1416694444444444,1.022933977685121,Friday,1.1096123015873014,0.21977785630860508,0.14586156856553095,False
2010-05-08,1.0648763888888888,1.0202534684258615,Saturday,1.1307694444444443,0.2047340048873262,-0.3218471479216128,False
2010-05-09,1.0878541666666666,1.0279655054628987,Sunday,1.0691226190476188,0.11233566136299586,0.16674622636991052,False
2010-05-10,1.0193694444444446,1.0343933758332688,Monday,1.0747367063492064,0.1080434610806781,-0.512453612194245,False
2010-05-11,1.0912277777777777,1.0336397685185184,Tuesday,1.0801343253968254,0.10774583663566054,0.10295945279504827,False
2010-05-12,1.4134847222222222,1.0474358796296295,Wednesday,1.1029626984126983,0.15652971725899198,1.983789591185029,False
2010-05-13,1.0788714384989575,1.048381964616632,Thursday,1.128193340420486,0.13092670110057114,-0.3767138521548937,False
2010-05-14,1.1959347222222223,1.0498121035055208,Friday,1.1359455229601685,0.13344001240027534,0.44955930521129084,False
2010-05-15,1.3505361111111112,1.0514925201721874,Saturday,1.1767540547062,0.15065322560921773,1.1535236348386435,False
2010-05-16,1.4586291666666666,1.063954649801817,Sunday,1.2297219118490577,0.17705441618134976,1.2928638536931405,False
2010-05-17,1.1306819444444445,1.065585899801817,Monday,1.245623697563343,0.15910179383751363,-0.7224415913015125,False
2010-05-18,0.9869333333333332,1.0643145572092245,Tuesday,1.2307244912141369,0.1795406104776201,-1.3578608050416117,False
2010-05-19,0.9908,1.0577904368388542,Wednesday,1.1703409594681051,0.1789079129829202,-1.0035383928783819,False
2010-05-20,0.8013180555555555,1.0420559460981134,Thursday,1.1306904761904764,0.22688262477328952,-1.4517304750156315,False
2010-05-21,0.898886111111111,1.0354467331351505,Friday,1.0882549603174603,0.2400435354686859,-0.7888937681100465,False
2010-05-22,1.4553972222222222,1.050142751653669,Saturday,1.103235119047619,0.26145636852308496,1.3469249388106201,False
2010-05-23,1.033025,1.0572496960981135,Sunday,1.0424345238095238,0.2093259583011464,-0.04495153819378084,False
2010-05-24,0.9314805555555556,1.0531504831351504,Monday,1.0139771825396824,0.20886940689886752,-0.39496749767700917,False
2010-05-25,0.8323791666666667,1.0451848349870023,Tuesday,0.991898015873016,0.2200729489714594,-0.7248453294777124,False
2010-05-26,0.9638083333333334,1.0522489090610765,Wednesday,0.9880420634920635,0.22033170571471739,-0.10998748491561905,False
2010-05-27,0.9189875,1.0539248812832986,Thursday,1.004851984126984,0.20784650860506051,-0.41311487358269505,False
2010-05-28,0.9709472222222222,1.0662004831351504,Friday,1.0151464285714287,0.20346169351450621,-0.21723600932307788,False
2010-05-29,1.4234777777777778,1.088100575727743,Saturday,1.010586507936508,0.19198443672508614,2.150649692675419,False
2010-05-30,1.1567361111111112,1.1007642794314465,Sunday,1.0282595238095238,0.19992415887846368,0.6426266241274516,False
2010-05-31,0.9308763888888888,1.1012342794314465,Monday,1.028173214285714,0.19997302732489444,-0.4865497447250622,False
2010-06-01,0.8812249999999999,1.0799623812832986,Tuesday,1.0351511904761905,0.1927229849125441,-0.7986913991916474,False
2010-06-02,0.6811791666666667,1.069999325727743,Wednesday,0.9947755952380952,0.2351056369026112,-1.3338532954925744,False
2010-06-03,0.9681847222222222,1.0671573349870023,Thursday,1.0018037698412698,0.23318999245981573,-0.14417019900560712,False
2010-06-04,0.9864958333333332,1.0582509923944097,Friday,1.004025,0.23292098261201932,-0.07525799724048629,False
2010-06-05,1.3955861111111112,1.0746952979499653,Saturday,1.0000404761904762,0.22464098794329773,1.760790132477853,False
2010-06-06,1.21305,1.0770746498018169,Sunday,1.0080853174603175,0.23207324264759804,0.8831896353123321,False
2010-06-07,0.7028347222222222,1.0650065942462617,Monday,0.9755079365079365,0.2591446335902898,-1.0522047495562397,False
2010-06-08,0.9458569444444446,1.0602733535055209,Tuesday,0.9847410714285714,0.2563619838114407,-0.1516766503598554,False
2010-06-09,1.065751388888889,1.0618194183203358,Wednesday,1.0396799603174602,0.21894202862415055,0.11907914042481343,False
2010-06-10,0.8438819444444445,1.0535745572092245,Thursday,1.0219224206349207,0.23044581931147662,-0.7725914782156753,False
2010-06-11,1.0213,1.0405017331351505,Friday,1.0268944444444446,0.22992895678270525,-0.024331187001085282,False
2010-06-12,1.371166087560806,1.0502448881038788,Saturday,1.0234058696515438,0.2234980160646824,1.5559879413364333,False
2010-06-13,1.1627472222222222,1.0491386381038788,Sunday,1.0162197585404327,0.2171012874671595,0.6749267376129882,False
2010-06-14,0.8458222222222221,1.0323148418075825,Monday,1.0366465442547184,0.18739538347756315,-1.0182978816836414,False
2010-06-15,0.8499763888888888,1.0120264158816565,Tuesday,1.0229493220324961,0.19832291710178815,-0.8721782417854911,False
2010-06-16,1.2278416666666667,1.015265073289064,Wednesday,1.04610507600075,0.21306783350857106,0.8529517932072371,False
2010-06-17,0.7139013888888889,1.0061640084742491,Thursday,1.0275364252070993,0.23785112336095784,-1.3186191088206236,False
2010-06-18,0.9252194444444444,1.0039779899557306,Friday,1.0138106315563056,0.24102213970851658,-0.367564520085168,False
2010-06-19,0.9834861111111112,1.010050258474249,Saturday,0.9584277777777778,0.18270917790006241,0.13714873889389245,False
2010-06-20,1.1614930555555556,1.018803823289064,Sunday,0.9582486111111111,0.1824758929692351,1.113815316298854,False
2010-06-21,1.1533958333333334,1.008737110326101,Monday,1.0021876984126983,0.18784432861711878,0.8049651327447908,False
2010-06-22,1.055963888888889,1.0095017399557304,Tuesday,1.0316144841269843,0.17577210465759058,0.13852826538851543,False
2010-06-23,1.0014333333333334,1.0118334992149898,Wednesday,0.9992704365079366,0.1530020857350418,0.01413638784730284,False
2010-06-24,0.7609583333333333,1.0094528047705456,Thursday,1.0059928571428571,0.1387435632391579,-1.766096517120206,False
2010-06-25,0.7634986111111112,1.0027758140298046,Friday,0.9828898809523811,0.16534889407922776,-1.3268384470485024,False
2010-06-26,0.6816805555555555,0.9948655825483231,Saturday,0.9397748015873015,0.20073028021632697,-1.2857763450217772,False
2010-06-27,0.7916416666666666,0.9888887306964713,Sunday,0.8869388888888888,0.18027704521944118,-0.5286153991830866,False
2010-06-28,1.021763888888889,0.9754982677335083,Monday,0.8681343253968253,0.15258990482321974,1.0068134171133294,False
2010-06-29,0.9501709520500348,0.9686127624314724,Tuesday,0.8530210487055605,0.13512541063048764,0.7189610221436384,False
2010-06-30,0.9612055555555556,0.9696237346536948,Wednesday,0.847274223308735,0.12845216935192763,0.8869552987826662,False
2010-07-01,0.9368069444444443,0.9714764661351761,Thursday,0.8723954534674653,0.12592848547634852,0.5114926200639222,False
2010-07-02,0.7923111111111112,0.9751808642833243,Friday,0.8765115248960367,0.12219130222294255,-0.6890868028503265,False
2010-07-03,0.7778291666666667,0.9688356790981392,Saturday,0.8902470407690526,0.10003560738649017,-1.1237785928370139,False
2010-07-04,1.0681166666666666,0.9715563735425836,Sunday,0.9297434693404811,0.10880988419938697,1.271696945036957,False
2010-07-05,0.7736041666666666,0.9508236420611021,Monday,0.8942920804515923,0.11412833624436822,-1.0574754505008486,False
2010-07-06,0.6985652777777778,0.9336741513203612,Tuesday,0.8583484126984128,0.13184243439069468,-1.211924944036928,False
2010-07-07,0.5797138888888889,0.9295701235425836,Wednesday,0.8038496031746032,0.1584094533067318,-1.4149137542424015,False
2010-07-08,0.8421194444444444,0.926112206875917,Thursday,0.7903228174603175,0.14892248431794883,0.347809313156107,False
2010-07-09,0.7524152777777778,0.9156676698388799,Friday,0.7846234126984127,0.1495956125488755,-0.21530133385504166,False
2010-07-10,0.8017388888888888,0.9142629013203614,Saturday,0.7880390873015873,0.14968755998098343,0.09152264616406258,False
2010-07-11,0.8288694444444445,0.9078485494685095,Sunday,0.7538609126984127,0.09081558965410663,0.8259433433369773,False
2010-07-12,0.7705375000000001,0.8878275965498159,Monday,0.7534228174603175,0.09071181192844319,0.18867093684759947,False
2010-07-13,0.9598013888888888,0.8810627354387048,Tuesday,0.7907422619047618,0.11489515183376978,1.471420893622401,False
2010-07-14,0.9788,0.8854953280312974,Wednesday,0.8477545634920636,0.08877433600918556,1.4761635220158338,False
2010-07-15,1.134928422515636,0.894993729152189,Thursday,0.8895844175022337,0.139925105167881,1.7533951803648138,False
2010-07-16,0.5694833333333333,0.8730484513744111,Friday,0.8634512825815988,0.18089728040398725,-1.6250545535663339,False
2010-07-17,0.5599666666666666,0.8679172939670038,Saturday,0.82891239369271,0.2145875520571769,-1.2533146701556235,False
2010-07-18,0.5639152777777778,0.8558738217447815,Sunday,0.7910617984546147,0.23681276065941378,-0.9591819294042223,False
2010-07-19,0.5563597222222222,0.8416362754484853,Monday,0.7604649730577894,0.2531772631171658,-0.8061752794172161,False
2010-07-20,0.5943222222222222,0.8227305810040408,Tuesday,0.7082536635339798,0.2426858808008392,-0.46946052623990814,False
2010-07-21,0.7390041666666666,0.8089175254484853,Wednesday,0.673997115914932,0.2132738131779468,0.30480559138076335,False
2010-07-22,0.8086430555555555,0.8006734976707076,Thursday,0.6273849206349206,0.10277588784996494,1.763625094489483,False
2010-07-23,0.8167763888888888,0.794518266189226,Friday,0.6627124999999999,0.12052494079986795,1.278273922944401,False
2010-07-24,0.6400472222222222,0.7904878958188557,Saturday,0.6741525793650792,0.11269312960949715,-0.30263918715398597,False
2010-07-25,0.7850069444444445,0.7912048402633001,Sunday,0.7057371031746031,0.10751108574861507,0.7373178376711028,False
2010-07-26,0.6139930555555555,0.7889485902633001,Monday,0.7139704365079365,0.09572587184417565,-1.0444133756768075,False
2010-07-27,0.6613611111111111,0.7846059050781149,Tuesday,0.7235474206349206,0.08444985771068983,-0.7363696187250992,False
2010-07-28,0.5990652777777777,0.7705159513744113,Wednesday,0.7035561507936509,0.09596006774303355,-1.08889953366523,False
2010-07-29,0.3813222222222222,0.7515543270468175,Thursday,0.6425103174603174,0.14256887131377166,-1.8320134881566208,False
2010-07-30,0.3828194444444444,0.7322747900097804,Friday,0.5805164682539682,0.14839324047204114,-1.3322508705965757,False
2010-07-31,0.38515,0.7138862251949657,Saturday,0.5441025793650793,0.16200085906596903,-0.9811835584177465,False
2010-08-01,0.3858777777777777,0.7003384474171879,Sunday,0.48708412698412695,0.13019736132009235,-0.7773302636873859,False
2010-08-02,0.3815847222222222,0.6871302992690397,Monday,0.4538829365079365,0.12180321032920435,-0.5935657532367979,False
2010-08-03,0.4272305555555555,0.6657674288986694,Tuesday,0.4204357142857142,0.08046559516556208,0.08444405656679203,False
2010-08-04,0.3773305555555555,0.652558308528299,Wednesday,0.38875932539682534,0.01719520522604536,-0.6646486442603676,False
2010-08-05,0.3704694444444444,0.6416217807505212,Thursday,0.38720892857142847,0.01842296404854584,-0.9086205717426529,False
2010-08-06,0.3644069444444444,0.6344448826023731,Friday,0.3845785714285714,0.0203660873526614,-0.9904517561391589,False
2010-08-07,0.3663027777777777,0.6185843270468173,Saturday,0.38188611111111104,0.021492625825942652,-0.7250548843838099,False
2010-08-08,0.3669861111111111,0.6057366881579287,Sunday,0.3791873015873016,0.022085777386761245,-0.552445597115551,False
2010-08-09,0.3715722222222222,0.5913977992690396,Monday,0.37775694444444446,0.02222839675508299,-0.27823519124509083,False
2010-08-10,0.3783041666666667,0.576378956676447,Tuesday,0.37076746031746033,0.005405256254576073,1.3943291481927131,False
2010-08-11,0.3763902777777777,0.5632407159357063,Wednesday,0.3706331349206349,0.0052236054752747,1.102139678119564,False
2010-08-12,0.3678458333333333,0.5435088640838545,Thursday,0.3702583333333333,0.0053303415607505985,-0.4525976379758045,False
2010-08-13,0.3710374999999999,0.5232501140838545,Friday,0.3712055555555555,0.004664814860976464,-0.036026200516867564,False
2010-08-14,0.3849097222222222,0.4982494907407407,Saturday,0.3738636904761905,0.00638840318361502,1.729075549640098,False
2010-08-15,0.7333236111111112,0.5037108333333333,Sunday,0.42619761904761905,0.13554650066694418,2.265834902061704,False
2010-08-16,0.7845347222222222,0.5111964351851852,Monday,0.4851922619047619,0.1876593071635691,1.5951378316479932,False
2010-08-17,0.775120443740095,0.5182366073839291,Tuesday,0.5418803014866802,0.20874012642832973,1.1173708967427358,False
2010-08-18,,,Wednesday,,,,False
2010-08-19,,,Thursday,,,,False
2010-08-20,,,Friday,,,,False
2010-08-21,,,Saturday,,,,False
2010-08-22,0.6140657894736842,,Sunday,,,,False
2010-08-23,0.5317069444444444,,Monday,,,,False
2010-08-24,0.5020472222222222,,Tuesday,,,,False
2010-08-25,0.6808388888888889,,Wednesday,,,,False
2010-08-26,0.5258694444444444,,Thursday,,,,False
2010-08-27,1.4101736111111112,,Friday,,,,False
2010-08-28,1.0019833333333332,,Saturday,0.7523836048454469,0.33712345389771153,0.7403807881121756,False
2010-08-29,1.1586666666666667,,Sunday,0.8301837301587301,0.3618188844320237,0.9078656494770381,False
2010-08-30,1.0380569444444443,,Monday,0.9025194444444444,0.34228962479854597,0.39597314724269034,False
2010-08-31,0.9479902777777778,,Tuesday,0.9662255952380951,0.2933295654601366,-0.06216665351040293,False
2010-09-01,1.1064708333333333,,Wednesday,1.027030158730159,0.2672689637473566,0.2972311991985268,False
2010-09-02,0.9670083333333334,,Thursday,1.09005,0.15981043411929377,-0.7699226107778396,False
2010-09-03,0.9350097222222222,,Friday,1.0221694444444445,0.08420235715748406,-1.0351221172966334,False
2010-09-04,1.211,,Saturday,1.0520289682539683,0.10920056715357003,1.4557711181341115,False
2010-09-05,0.9187625,,Sunday,1.0177569444444443,0.10779218797149479,-0.9183823643196013,False
2010-09-06,0.9881083333333334,,Monday,1.0106214285714286,0.1078776125674305,-0.20869107780841042,False
2010-09-07,1.0082319444444443,,Tuesday,1.019227380952381,0.10439515268876663,-0.10532516333126576,False
2010-09-08,0.905425,,Wednesday,0.9905065476190477,0.10404762169716722,-0.8177173704813672,False
2010-09-09,0.8602180555555555,,Thursday,0.9752507936507937,0.11528891560669291,-0.99777795193834,False
2010-09-10,0.9222972222222222,,Friday,0.9734347222222223,0.11612554589745294,-0.4403639148026747,False
2010-09-11,1.0161875,,Saturday,0.9456043650793651,0.05899108945578015,1.1965050242637782,False
2010-09-12,1.119508333333333,,Sunday,0.9742823412698414,0.0862600835032701,1.6835827901556142,False
2010-09-13,0.7474444444444444,,Monday,0.9399017857142856,0.12085454564159344,-1.5924708520322708,False
2010-09-14,0.993526388888889,,Tuesday,0.9378009920634921,0.1195900088839772,0.465970337701539,False
2010-09-15,0.6847875,,Wednesday,0.9062813492063492,0.1537442836077671,-1.440663964921291,False
2010-09-16,0.9303736111111112,,Thursday,0.9163035714285714,0.15252285290310882,0.09224873135226375,False
2010-09-17,1.0400055555555556,,Friday,0.9331190476190476,0.15961738590389069,0.6696420150676246,False
2010-09-18,0.8666291666666666,,Saturday,0.9117535714285713,0.15662663182173286,-0.28810173746993284,False
2010-09-19,0.6386111111111111,,Sunday,0.8430539682539682,0.1557769371968883,-1.3124077339154467,False
2010-09-20,1.1686333333333334,0.9146546003898636,Monday,0.9032238095238095,0.19022644326696228,1.3952293868894465,False
2010-09-21,0.7717888888888889,0.9199120370370371,Tuesday,0.8715470238095238,0.1911427257130096,-0.5219039047837808,False
2010-09-22,1.0488847222222222,0.9371512962962963,Wednesday,0.9235609126984128,0.18112825871985766,0.6919064446903433,False
2010-09-23,1.0068486111111112,0.9539780092592592,Thursday,0.9344859126984126,0.1838929104640109,0.3935045577891404,False
2010-09-24,0.9222166666666668,0.9620239351851851,Friday,0.9176589285714287,0.17792026431305705,0.025616745303494885,False
2010-09-25,0.4491779661016949,0.9594675525737603,Saturday,0.8580230427764326,0.25229249764047135,-1.6205201521979504,False
2010-09-26,,,Sunday,,,,False
2010-09-27,,,Monday,,,,False
2010-09-28,1.6391149825783973,,Tuesday,,,,False
2010-09-29,1.1697402777777777,,Wednesday,,,,False
2010-09-30,0.8668597222222222,,Thursday,,,,False
2010-10-01,1.045013888888889,,Friday,,,,False
2010-10-02,1.3355930555555555,,Saturday,,,,False
2010-10-03,1.2713083333333333,,Sunday,,,,False
2010-10-04,1.2333055555555557,,Monday,1.2229908308445328,0.2413919099228072,0.042730200503908224,False
2010-10-05,1.2879333333333334,,Tuesday,1.1728220238095237,0.16485356109547245,0.6982640154017946,False
2010-10-06,0.913511111111111,,Wednesday,1.1362178571428572,0.1918826797809467,-1.160640169743242,False
2010-10-07,1.2569125,,Thursday,1.1919396825396826,0.1534018231025488,0.4235465794750254,False
2010-10-08,1.0489277777777777,,Friday,1.1924988095238096,0.1527829308146779,-0.9397059670244198,False
2010-10-09,1.1192916666666666,,Saturday,1.1615986111111112,0.1403895238103847,-0.3013539991886142,False
2010-10-10,1.3881277777777778,,Sunday,1.178287103174603,0.16103054068684405,1.3031110353858395,False
2010-10-11,1.126798611111111,,Monday,1.1630718253968253,0.1599940166438403,-0.22671606755433493,False
2010-10-12,1.0970083333333334,,Tuesday,1.1357968253968254,0.1511924940902718,-0.25655038166334326,False
2010-10-13,1.4401986111111111,,Wednesday,1.2110378968253968,0.15317527986913157,1.4960685202044515,False
2010-10-14,1.482723611111111,,Thursday,1.243296626984127,0.18493254022672495,1.2946720130132297,False
2010-10-15,1.108558333333333,,Friday,1.2518152777777778,0.17562623805635896,-0.8156921541442637,False
2010-10-16,0.6944541666666667,,Saturday,1.1911242063492065,0.2745822616818809,-1.8088205576001852,False
2010-10-17,0.7273486111111112,,Sunday,1.0967271825396825,0.3072117400741138,-1.2023582540805895,False
2010-10-18,1.8846416666666668,,Monday,1.2049904761904762,0.42897798654712016,1.584349807659736,False
2010-10-19,1.3374847222222224,,Tuesday,1.2393442460317463,0.42851798662978713,0.2290230031237016,False
2010-10-20,1.199975,,Wednesday,1.2050265873015873,0.4192711014065789,-0.01204849865550026,False
2010-10-21,0.9411097222222224,,Thursday,1.1276531746031746,0.40934083161032114,-0.4557166985934482,False
2010-10-22,1.1589527777777775,,Friday,1.134852380952381,0.4093921817222726,0.058868727595159626,False
2010-10-23,1.592525,,Saturday,1.2631482142857142,0.3885671636188808,0.8476701495995403,False
2010-10-24,1.661256428075052,,Sunday,1.3965636167091344,0.3298277054652384,0.8025184269846438,False
2010-10-25,0.8078416666666666,,Monday,1.242735045280563,0.3150260935361699,-1.3804995444415906,False
2010-10-26,0.6568777777777778,,Tuesday,1.1455054817884993,0.37936894050937614,-1.2880013407387658,False
2010-10-27,0.8751930555555556,1.1789529359106707,Wednesday,1.0991080611535788,0.3912709191446874,-0.5722761254209697,False
2010-10-28,1.0161986111111112,1.158189056861761,Thursday,1.109835045280563,0.38722573465874394,-0.24181356193170406,False
2010-10-29,0.8364041666666667,1.1470778531580572,Friday,1.06375667226469,0.3994062251241197,-0.5692262446018991,False
2010-10-30,1.4949305555555554,1.1680135476025018,Saturday,1.0498146087726266,0.37905722991007695,1.1742710906438136,False
2010-10-31,1.025298611111111,1.1673563716765758,Sunday,0.958963492063492,0.2680387904703996,0.24748328005511105,False
2010-11-01,0.9605416666666668,1.1548546587136128,Monday,0.9807777777777777,0.25977631476466007,-0.07789821458297097,False
2010-11-02,0.8271402777777779,1.1400490568617612,Tuesday,1.005100992063492,0.2307431264451789,-0.7712503381026816,False
2010-11-03,0.8981236111111112,1.1288763253802794,Wednesday,1.0083767857142858,0.22874560640937547,-0.48199034872765867,False
2010-11-04,1.7744069444444446,1.1450921124173166,Thursday,1.116692261904762,0.36936040239955864,1.7806854180004776,False
2010-11-05,1.2056166666666666,1.1548289642691685,Friday,1.1694369047619049,0.34843334923237707,0.10383553119834316,False
2010-11-06,1.2537555555555555,1.1547237327876871,Saturday,1.1349833333333332,0.3217890020958731,0.3690996940499401,False
2010-11-07,1.162372222222222,1.1585052142691685,Sunday,1.1545652777777777,0.3181520119709999,0.024538409787444003,False
2010-11-08,1.2677361111111112,1.1634533624173167,Monday,1.1984501984126985,0.30795169760911195,0.22498954620590658,False
2010-11-09,1.4042347222222222,1.1639902605654648,Tuesday,1.280892261904762,0.2664284909094741,0.46294771214753067,False
2010-11-10,1.3517597222222224,1.1714889642691686,Wednesday,1.3456974206349206,0.20616225055562654,0.029405488012297795,False
2010-11-11,1.231661111111111,1.1759773901950943,Thursday,1.2681623015873016,0.08381308828745897,-0.4355070457611595,False
2010-11-12,1.275570833333333,1.1704897976025017,Friday,1.2781557539682538,0.0791534889431733,-0.032657065019287466,False
2010-11-13,1.4049819444444445,1.1678984087136128,Saturday,1.2997595238095236,0.09111723371560414,1.1548026245324996,False
2010-11-14,1.41555,1.1781314642691685,Sunday,1.3359277777777778,0.07658249065887066,1.0396922525919376,False
2010-11-15,1.2134597222222223,1.1954316494543535,Monday,1.3281740079365079,0.08671480251819494,-1.3228916215338853,False
2010-11-16,1.0484361111111111,1.2061345661210203,Tuesday,1.2773456349206351,0.12877637981735104,-1.7775738387287794,False
2010-11-17,1.0986333333333334,1.1799342883432427,Wednesday,1.241184722222222,0.13949162764159184,-1.0219350888582261,False
2010-11-18,1.1473277777777775,1.1735957235284278,Thursday,1.229137103174603,0.144019614446227,-0.568042941313184,False
2010-11-19,1.0905555555555555,1.1699484087136127,Friday,1.2027063492063494,0.15089099643349804,-0.7432570285942939,False
2010-11-20,1.525698611111111,1.189434705009909,Saturday,1.2199515873015871,0.18162936344419542,1.6833567987670832,False
2010-11-21,0.6256319444444445,1.171657343898798,Sunday,1.1071061507936508,0.2657548384764608,-1.8117231998839143,False
2010-11-22,1.4177333333333333,1.165830955009909,Monday,1.1362880952380952,0.28953148022506897,0.9720712852241665,False
2010-11-23,1.095511111111111,1.1469727777777776,Tuesday,1.143013095238095,0.2876916984645083,-0.16511419822162196,False
2010-11-24,1.2473944444444445,1.161624537037037,Wednesday,1.1642646825396825,0.28935663498179226,0.2872917080681177,False
2010-11-25,0.9938638888888888,1.1728574074074072,Thursday,1.1423412698412698,0.2965773347182286,-0.5006363048391612,False
2010-11-26,1.1782296120348377,1.1829586259567166,Friday,1.1548661350525957,0.2958763255069019,0.07896365801560878,False
