datetime,Global_active_power,trend_30,day_of_week,rolling_mean_7,rolling_std_7,z_score,anomaly,iso_anomaly
2006-12-16,3.0534747474747475,,Saturday,,,,False,
2006-12-17,2.354486111111111,,Sunday,,,,False,
2006-12-18,1.5304347222222223,,Monday,,,,False,
2006-12-19,1.1570791666666669,,Tuesday,,,,False,
2006-12-20,1.5456583333333334,,Wednesday,,,,False,
2006-12-21,1.193757997218359,,Thursday,,,,False,
2006-12-22,1.6259291666666669,,Friday,1.780117177813301,0.6861023787695637,-0.224730325848965,False,0.0
2006-12-23,3.314851388888889,,Saturday,1.8174566980153213,0.7690501462809828,1.9470702893884824,False,1.0
2006-12-24,1.7708416666666669,,Sunday,1.7340789202375433,0.731862710121271,0.0502317523774806,False,0.0
2006-12-25,1.9049444444444443,,Monday,1.7875803091264324,0.7281741362799405,0.161175918603201,False,1.0
2006-12-26,2.7320208333333333,,Tuesday,2.0125719757930987,0.7440332540862729,0.9669579331151944,False,1.0
2006-12-27,1.0616388888888888,,Wednesday,1.943426340872464,0.8138704292424082,-1.0834494291731271,False,1.0
2006-12-28,1.4393319444444443,,Thursday,1.978508333333333,0.7807905998878315,-0.6905518444591257,False,1.0
2006-12-29,2.204438888888889,,Friday,2.06115257936508,0.7677592735346139,0.1866292136910926,False,1.0
2006-12-30,1.939709318497914,,Saturday,1.8647037121663683,0.5337865477313046,0.1405161045184327,False,0.0
2006-12-31,2.426525,,Sunday,1.958372759785416,0.5708158362872772,0.8201458516980852,False,1.0
2007-01-01,1.909030555555556,,Monday,1.9589564899441465,0.5707541789582535,-0.0874736203941876,False,0.0
2007-01-02,0.8814138888888889,,Tuesday,1.6945840693092258,0.5814897730990155,-1.3984255923996638,False,0.0
2007-01-03,0.7042041666666666,,Wednesday,1.6435219661346228,0.6571102797842894,-1.4294675161318546,False,0.0
2007-01-04,2.263480555555556,,Thursday,1.7612574820076383,0.6875544880883846,0.7304483968161616,False,1.0
2007-01-05,1.8842805555555555,,Friday,1.7155205772457338,0.6633838645613889,0.2543926485480637,False,0.0
2007-01-06,1.047484722222222,,Saturday,1.5880599206349206,0.6979442061714246,-0.7745249457374619,False,0.0
2007-01-07,1.6997361111111111,,Sunday,1.4842329365079363,0.5995476452214914,0.3594429505657737,False,0.0
2007-01-08,1.5565,,Monday,1.4338714285714285,0.5720955360615887,0.2143498134468401,False,0.0
2007-01-09,1.2979541666666667,,Tuesday,1.4933771825396824,0.5247598561777042,-0.372404660098157,False,0.0
2007-01-10,1.496388888888889,,Wednesday,1.6065464285714286,0.3957696117682469,-0.2783375388281331,False,0.0
2007-01-11,1.5661069444444444,,Thursday,1.5069216269841268,0.2709239470884859,0.2184573128228758,False,0.0
2007-01-12,1.014788888888889,,Friday,1.3827085317460317,0.2683875712373719,-1.3708520150947714,False,0.0
2007-01-13,2.213065277777777,,Saturday,1.5492200396825395,0.3686068541707447,1.800957390194739,False,0.0
2007-01-14,2.0902126476719944,1.7626589996213595,Sunday,1.60500240204838,0.4210032240836681,1.1525095720577812,False,0.0
2007-01-15,1.4921375,1.710614424705535,Monday,1.5958077591912372,0.422937446328669,-0.2451196035989541,False,0.0
2007-01-16,1.1711138888888888,1.671168683964794,Tuesday,1.5776877195086976,0.4401905403852616,-0.9236314580135436,False,0.0
2007-01-17,1.977561111111111,1.686072896927757,Wednesday,1.6464266083975865,0.462388771598051,0.7161387193056147,False,0.0
2007-01-18,1.2649041666666667,1.6896670635944238,Thursday,1.603397640143618,0.4845905379739851,-0.6985144094891987,False,0.0
2007-01-19,1.0280833333333337,1.6724145635944236,Friday,1.6052968464928248,0.4819178660375552,-1.1977425072564327,False,0.0
2007-01-20,2.1762027777777777,1.7051627229464044,Saturday,1.6000307750642533,0.4743110746807553,1.2147555338051694,False,0.0
2007-01-21,2.366154166666667,1.729836889613071,Sunday,1.6394509920634923,0.5300338168076577,1.37105058499859,False,0.0
2007-01-22,1.5142319444444443,1.669816241464923,Monday,1.6426073412698414,0.5290752764523299,-0.242641080653414,False,0.0
2007-01-23,1.2344722222222222,1.6519372599834414,Tuesday,1.6516585317460315,0.5201311726121445,-0.8020790360029052,False,0.0
2007-01-24,2.074898611111111,1.6576023988723303,Wednesday,1.6655638888888888,0.5314735460930865,0.7701883287160415,False,0.0
2007-01-25,1.1085722222222223,1.6034874451686263,Thursday,1.643230753968254,0.5539261236088258,-0.9652163148810066,False,0.0
2007-01-26,1.1235916666666663,1.6055525377612192,Friday,1.6568748015873014,0.5371716383347778,-0.9927611527924352,False,0.0
2007-01-27,1.4194944444444444,1.6048912877612191,Saturday,1.548773611111111,0.4892455126031993,-0.2642419058251393,False,0.0
2007-01-28,2.147466296038916,1.602992201332887,Sunday,1.517532486735718,0.4319832043483263,1.458236808659014,False,0.0
2007-01-29,1.37685,1.5842302240496229,Monday,1.4979064946722258,0.4352664594968777,-0.2781204295229972,False,0.0
2007-01-30,1.1859708333333334,1.5428784184940674,Tuesday,1.4909777248309564,0.4405132481039889,-0.6923898266633335,False,0.0
2007-01-31,1.6414944444444444,1.533960548123697,Wednesday,1.4290628438785753,0.3694971909221887,0.5749207457726097,False,0.0
2007-02-01,1.2671944444444443,1.546819899975549,Thursday,1.451723161338893,0.3509657520922817,-0.5257741411929258,False,0.0
2007-02-02,1.15815,1.5619514277533268,Friday,1.4566600661007971,0.3457855951579656,-0.8632808025575173,False,0.0
2007-02-03,2.798418055555556,1.5797826777533264,Saturday,1.653649153402385,0.611651641341387,1.8716027633680952,False,1.0
2007-02-04,2.4971805555555555,1.6002126777533263,Sunday,1.7036083333333334,0.6701896249787384,1.1841010255081137,False,1.0
2007-02-05,1.1425555555555555,1.6033817055311042,Monday,1.6701376984126983,0.6946332398959781,-0.7595118006966508,False,0.0
2007-02-06,0.8843611111111112,1.5762025388644376,Tuesday,1.6270505952380954,0.7376905212102836,-1.0067765042019234,False,0.0
2007-02-07,1.616679166666667,1.5782085110866602,Wednesday,1.6235055555555558,0.7376691671640772,-0.0092539978526315,False,0.0
2007-02-08,1.2509819444444443,1.5766427703459192,Thursday,1.6211894841269845,0.7389985887146258,-0.5009583852202735,False,0.0
2007-02-09,1.1251375,1.5642677240496228,Friday,1.6164734126984128,0.7425429058895014,-0.6616936325178886,False,0.0
2007-02-10,1.964811111111111,1.577557862938512,Saturday,1.497386706349206,0.5676404834156317,0.8234514951246922,False,0.0
2007-02-11,2.4800194444444443,1.6263988814570305,Sunday,1.494935119047619,0.5626176314895709,1.7508948711556431,False,0.0
2007-02-12,1.3038958333333333,1.5960932333088822,Monday,1.5179837301587302,0.5489137118251399,-0.3900210401258769,False,0.0
2007-02-13,0.9823236111111112,1.5591635987568528,Tuesday,1.531978373015873,0.53102428816806,-1.0350840331634803,False,0.0
2007-02-14,1.735188888888889,1.5672653117198156,Wednesday,1.548908333333333,0.5360402180446626,0.3475122747973264,False,0.0
2007-02-15,1.3787125,1.574185265423519,Thursday,1.5671555555555554,0.5262937159711106,-0.3580568223351149,False,0.0
2007-02-16,1.182311111111111,1.5476769320901862,Friday,1.5753232142857143,0.5186792141685124,-0.7577170868600077,False,0.0
2007-02-17,1.4423,1.5535901265346306,Saturday,1.5006787698412698,0.4900953249833625,-0.1191171734667162,False,0.0
2007-02-18,2.6595569444444447,1.6079725802383342,Sunday,1.526326984126984,0.550824566111321,2.057333732076932,False,0.0
2007-02-19,1.5184819444444444,1.5860485524605563,Monday,1.5569821428571429,0.5422874348991785,-0.0709959256567624,False,0.0
2007-02-20,2.18745,1.580091746905001,Tuesday,1.7291430555555556,0.5202940841567284,0.8808613405383032,False,0.0
2007-02-21,1.4394958333333332,1.5776005432012972,Wednesday,1.6869011904761906,0.531601971894638,-0.4653958604801647,False,0.0
2007-02-22,2.3431696801112656,1.614557125130932,Thursday,1.824680787634943,0.5624988116922977,0.9217599783303194,False,1.0
2007-02-23,0.9121388888888888,1.5757984677235244,Friday,1.786084755888911,0.6202278907675008,-1.409072181385713,False,0.0
2007-02-24,0.4964736111111111,1.5553951806864876,Saturday,1.6509667003333557,0.7879516210518182,-1.4651827071326264,False,1.0
2007-02-25,0.3484305555555556,1.529556476982784,Sunday,1.3208057876349426,0.7790495355162739,-1.2481558460014957,False,1.0
2007-02-26,0.3947805555555556,1.4953993473531542,Monday,1.160277017793673,0.8445481571604014,-0.9063976467747236,False,1.0
2007-02-27,0.3597999999999999,1.4358104708185235,Tuesday,0.8991841606508159,0.7514499649413625,-0.7177911847968553,False,1.0
2007-02-28,0.3616486111111111,1.4019704245222273,Wednesday,0.7452059860476411,0.7324735620331678,-0.523646715482629,False,1.0
2007-03-01,0.3594194444444444,1.3744187115592643,Thursday,0.4618130952380951,0.2050478353426721,-0.499364700059049,False,0.0
2007-03-02,0.3581166666666666,1.3316394523000052,Friday,0.3826670634920634,0.0522472601443347,-0.4698886938296012,False,0.0
2007-03-03,0.5688347222222222,1.3083607948925975,Saturday,0.393004365079365,0.0788850486498056,2.22894401603808,False,0.0
2007-03-04,1.4518749999999998,1.318151628225931,Sunday,0.5506392857142857,0.4046842235990124,2.2270097565718734,False,0.0
2007-03-05,1.8474527777777776,1.2864527856333383,Monday,0.7581638888888887,0.6243108184165153,1.744786181427596,False,1.0
2007-03-06,0.865625,1.2320676004481534,Tuesday,0.8304246031746031,0.5992894145817443,0.0587368906723705,False,0.0
2007-03-07,1.6494486111111113,1.248964035633339,Wednesday,1.0143960317460317,0.6283600087669176,1.010650853817536,False,0.0
2007-03-08,1.0917583333333334,1.2558772763740793,Thursday,1.1190158730158728,0.5581802607861442,-0.0488328620652936,False,0.0
2007-03-09,0.8837583333333334,1.2314465819296347,Friday,1.1941075396825396,0.4666009037216054,-0.6651277438038871,False,0.0
2007-03-10,1.7254944444444444,1.247263665262968,Saturday,1.359344642857143,0.409589482401149,0.893943368469352,False,0.0
2007-03-11,2.417108333333333,1.2903293597074126,Sunday,1.4972351190476192,0.5750053533794879,1.5997646089368194,False,0.0
2007-03-12,1.3546305555555556,1.2699900078555608,Monday,1.4268319444444446,0.5547934063795446,-0.1301410363905708,False,0.0
2007-03-13,0.8959333333333334,1.2171871374851904,Tuesday,1.4311617063492064,0.5497792307665087,-0.9735332712908258,False,0.0
2007-03-14,1.245391666666667,1.2152369985963014,Wednesday,1.3734392857142856,0.5442244337034002,-0.235284583193492,False,0.0
2007-03-15,1.3088986111111112,1.226122831929635,Thursday,1.4044593253968254,0.531533480467814,-0.1797830575067617,False,0.0
2007-03-16,1.1819819444444446,1.2076826004481531,Friday,1.4470626984126986,0.4934282074261306,-0.5372225381094338,False,0.0
2007-03-17,1.4083958333333333,1.2086720448925978,Saturday,1.401762896825397,0.4779181869302918,0.0138788116655283,False,0.0
2007-03-18,1.646559722222222,1.2241469985963014,Sunday,1.2916845238095238,0.2289880467180707,1.5497542491797365,False,0.0
2007-03-19,1.4948041666666667,1.2258971374851904,Monday,1.3117093253968253,0.2412127660006511,0.7590594988216635,False,0.0
2007-03-20,1.4487694444444446,1.1855375541518571,Tuesday,1.3906859126984126,0.1588270978949747,0.3657029091121467,False,0.0
2007-03-21,1.487563888888889,1.1845069523000051,Wednesday,1.4252819444444444,0.1479036897259279,0.4210979763916347,False,0.0
2007-03-22,1.010401388888889,1.1452719985963014,Thursday,1.3826394841269842,0.2149050750735025,-1.7321047216348016,False,0.0
2007-03-23,0.9090333333333334,1.1275899152629685,Friday,1.3436468253968257,0.2740138358879859,-1.5861005363289675,False,0.0
2007-03-24,2.0614097222222223,1.118197916666667,Saturday,1.436934523809524,0.3874219217796755,1.6118736790734152,False,0.0
2007-03-25,2.318362751911049,1.165072045434072,Sunday,1.5329063851936422,0.5113826491474929,1.5359464542389385,False,0.0
2007-03-26,0.983390277777778,1.1813026009896277,Monday,1.4598472582095152,0.5526038370143167,-0.8622035326537071,False,0.0
2007-03-27,0.7674583333333334,1.1952701935822203,Tuesday,1.3625170994793565,0.6117180165787158,-0.9727664545081304,False,0.0
2007-03-28,1.6207625,1.236136258397035,Wednesday,1.3815454724952294,0.6182924099664879,0.3868995052320576,False,0.0
2007-03-29,1.1044486111111111,1.2609578787674054,Thursday,1.3949807899555469,0.6098475507369483,-0.4764013211061561,False,0.0
2007-03-30,0.9738847222222222,1.2813657491377757,Friday,1.4042452740825309,0.6016727188761657,-0.7152735006236572,False,0.0
2007-03-31,2.4371597222222223,1.350623758397035,Saturday,1.4579238455111023,0.6815347613905102,1.4368098770387314,False,1.0
2007-04-01,1.934688888888889,1.4031761658044424,Sunday,1.4031132936507935,0.6127612646421909,0.8675084831749239,False,0.0
2007-04-02,1.3616513888888888,1.4296033880266643,Monday,1.4571505952380954,0.5856577035590655,-0.1630631779772622,False,0.0
2007-04-03,1.140847222222222,1.419235795434072,Tuesday,1.510491865079365,0.5263751901132291,-0.7022455651407669,False,0.0
2007-04-04,1.4249083333333332,1.4051509806192573,Wednesday,1.4825126984126984,0.5247396396006347,-0.10977704128319,False,0.0
2007-04-05,1.280609722222222,1.4189838046933312,Thursday,1.5076785714285712,0.5075282004880873,-0.4474014428912094,False,0.0
2007-04-06,1.111902777777778,1.4010656102488868,Friday,1.5273954365079363,0.4855393165943648,-0.8557343237299042,False,0.0
2007-04-07,1.079113888888889,1.4006441287674056,Saturday,1.3333888888888887,0.2956084331494978,-0.8601750541785304,False,0.0
2007-04-08,1.1172333333333333,1.4084266287674054,Sunday,1.2166095238095238,0.1378439141044195,-0.7209327384661395,False,0.0
2007-04-09,0.6950833333333333,1.374079591730368,Monday,1.1213855158730155,0.224159471079639,-1.901780819192897,False,0.0
2007-04-10,0.5398361111111112,1.3115038509896275,Tuesday,1.0355267857142858,0.3129706355240152,-1.58382486514502,False,0.0
2007-04-11,0.6163069444444444,1.2868930639525906,Wednesday,0.9200123015873016,0.2939460907457007,-1.033200871535316,False,0.0
2007-04-12,0.3734069444444444,1.269475517656294,Thursday,0.7904119047619048,0.3081122366594377,-1.353419016520217,False,0.0
2007-04-13,0.3826541666666667,1.2407176009896277,Friday,0.6862335317460317,0.3045589598063849,-0.9967835629342752,False,0.0
2007-04-14,0.3849083333333333,1.2099179250637018,Saturday,0.5870613095238095,0.265873702014189,-0.7603346049609969,False,0.0
2007-04-15,0.5042805555555555,1.1873278787674053,Sunday,0.4994966269841269,0.126642683388946,0.037775009526102,False,0.0
2007-04-16,0.6613819444444444,1.1624274158044423,Monday,0.4946821428571428,0.1183361434238296,1.4086972649620153,False,0.0
2007-04-17,0.8498152777777778,1.135869267656294,Tuesday,0.5389648809523809,0.1799882373284194,1.7270595092177987,False,0.0
2007-04-18,0.6932263888888889,1.109150008397035,Wednesday,0.549953373015873,0.1876806608756736,0.7633872089140021,False,0.0
2007-04-19,0.7143458333333332,1.084669221359998,Thursday,0.5986589285714287,0.1782296292120795,0.6490890727503342,False,0.0
2007-04-20,0.5712361111111112,1.0541249621007387,Friday,0.6255992063492063,0.152538688075722,-0.3563888999170403,False,0.0
2007-04-21,1.162261111111111,1.0591869528414797,Saturday,0.7366496031746033,0.2173157753834885,1.9584933822013055,False,0.0
2007-04-22,1.5511902777777775,1.080592184322961,Sunday,0.8862081349206348,0.3503007595263847,1.8983177306158716,False,0.0
2007-04-23,0.7323375,1.0362897769155537,Monday,0.8963446428571428,0.3436747123767344,-0.4772162075089162,False,0.0
2007-04-24,0.716736111111111,0.9829022222222222,Tuesday,0.8773333333333333,0.3502946572044723,-0.4584632363618359,False,0.0
2007-04-25,0.8778902777777778,0.9793855555555556,Wednesday,0.9037138888888888,0.3409475737828566,-0.0757407094134579,False,0.0
2007-04-26,0.8857402777777778,0.9833282870370372,Thursday,0.9281988095238096,0.3310935666526136,-0.1282372598637038,False,0.0
2007-04-27,0.7599527777777778,0.9546346296296296,Friday,0.9551583333333332,0.3037362745717766,-0.642681075320248,False,0.0
2007-04-28,1.0827619047619048,0.9539117394179896,Saturday,0.9438013038548752,0.2960919291347658,0.4693157335057986,False,0.0
2007-04-29,,,Sunday,,,,False,
2007-04-30,0.73059375,,Monday,,,,False,
2007-05-01,1.1554569444444445,,Tuesday,,,,False,
2007-05-02,0.6968652777777777,,Wednesday,,,,False,
2007-05-03,0.7571097222222223,,Thursday,,,,False,
2007-05-04,0.6931444444444445,,Friday,,,,False,
2007-05-05,1.0854527777777778,,Saturday,,,,False,
2007-05-06,1.4597944444444444,,Sunday,0.9397739087301586,0.2986402802231308,1.74129402546016,False,0.0
2007-05-07,1.1414333333333333,,Monday,0.9984652777777776,0.2909506112013468,0.491382557902988,False,0.0
2007-05-08,1.2425638888888888,,Tuesday,1.010909126984127,0.3004905300262464,0.7709220050446441,False,0.0
2007-05-09,1.1567611111111111,,Wednesday,1.0766085317460317,0.2690110689667141,0.2979527187225039,False,0.0
2007-05-10,0.4915861111111111,,Thursday,1.0386765873015873,0.3327415533244835,-1.6441904256453463,False,0.0
2007-05-11,0.6799680555555555,,Friday,1.036794246031746,0.335051288211246,-1.0649897583775765,False,0.0
2007-05-12,1.0010875,,Saturday,1.0247420634920634,0.3345262141359527,-0.0707106423727086,False,0.0
2007-05-13,1.1352347222222223,,Sunday,0.9783763888888888,0.2826471152797751,0.5549617344513457,False,0.0
2007-05-14,1.0192930555555555,,Monday,0.9609277777777778,0.27455775923215,0.2125792326576624,False,0.0
2007-05-15,0.62805,,Tuesday,0.8731400793650793,0.2676545456478568,-0.915695561126525,False,0.0
2007-05-16,1.1756555555555557,,Wednesday,0.8758392857142857,0.2710650163452248,1.1060677393331642,False,0.0
2007-05-17,0.8554277777777778,,Thursday,0.9278166666666666,0.213975095539319,-0.3383052065308554,False,0.0
2007-05-18,1.1330069444444444,,Friday,0.992536507936508,0.1941071697770871,0.7236746415356667,False,0.0
2007-05-19,0.9926680555555556,,Saturday,0.9913337301587302,0.1940714349889634,0.0068754342796574,False,0.0
2007-05-20,1.3668944444444444,,Sunday,1.024427976190476,0.2375759815396342,1.4415029079731936,False,0.0
2007-05-21,0.7778208333333333,,Monday,0.9899319444444444,0.2553145002024617,-0.8307836450452653,False,0.0
2007-05-22,0.7867027777777779,,Tuesday,1.012596626984127,0.2228081019280047,-1.0138493495148635,False,0.0
2007-05-23,1.0173166666666666,,Wednesday,0.9899767857142858,0.2112317707175357,0.1294307236998944,False,0.0
2007-05-24,0.8016583333333333,,Thursday,0.9822954365079364,0.2178151157342096,-0.8293139003035349,False,0.0
2007-05-25,1.1209861111111112,,Friday,0.9805781746031746,0.2164721111875937,0.6486190564578536,False,0.0
2007-05-26,1.0501722222222225,,Saturday,0.9887930555555556,0.2180924214987806,0.2814364948807267,False,0.0
2007-05-27,1.4957,,Sunday,1.0071938492063492,0.2572319613010319,1.8990880772469971,False,0.0
2007-05-28,1.1371305555555555,,Monday,1.0585238095238094,0.2390390152783665,0.3288448370664794,False,0.0
2007-05-29,0.7370416666666666,0.9840859027777776,Tuesday,1.0514293650793651,0.2489811511722065,-1.2626967821963917,False,0.0
2007-05-30,1.1179625,0.9969981944444444,Wednesday,1.0658073412698414,0.2495881875838202,0.2089648522033641,False,0.0
2007-05-31,0.6517708333333333,0.9802086574074074,Thursday,1.0443948412698414,0.2805374739391406,-1.3995421090220674,False,0.0
2007-06-01,0.7261417651146629,0.9811845403186368,Friday,0.9879885061274916,0.3014837533107219,-0.8685268713069197,False,0.0
2007-06-02,1.0308069444444443,0.9903077810593776,Saturday,0.9852220378735232,0.3009063397327792,0.1514920111400872,False,0.0
2007-06-03,1.4639069444444444,1.0159998643927108,Sunday,0.980680172794158,0.2920259240608298,1.6547392948224309,False,0.0
2007-06-04,0.6330680555555556,1.0009203736519705,Monday,0.9086712442227296,0.308689515848414,-0.8928168095041895,False,0.0
2007-06-05,1.0131194444444445,0.9860312069853036,Tuesday,0.9481109267624122,0.3006380985764655,0.2162351278492328,False,0.0
2007-06-06,1.176954829742877,0.9872152568656216,Wednesday,0.956538402439966,0.306953421132592,0.7180777672704274,False,0.0
2007-06-07,0.6840291666666667,0.9685974327915476,Thursday,0.9611467357732992,0.3018144495435946,-0.9181719746211332,False,0.0
2007-06-08,1.491698611111111,0.9797620161248808,Friday,1.0705119994870775,0.338891428425027,1.242836425758737,False,0.0
2007-06-09,0.7559300998573467,0.9885734824164222,Saturday,1.031243878831778,0.3595543038818681,-0.7657084785303692,False,0.0
2007-06-10,0.9311194444444444,0.9969451953793852,Sunday,0.955131378831778,0.3049457793505076,-0.0787416518388145,False,0.0
2007-06-11,0.5518430555555556,0.9819703805645704,Monday,0.9435278074032066,0.3203970863017918,-1.2224978584190718,False,0.0
2007-06-12,0.6380319444444444,0.9653969546386444,Tuesday,0.889943878831778,0.3377158129736871,-0.7459287504756582,False,0.0
2007-06-13,0.643938888888889,0.9528851490830887,Wednesday,0.8137987444240654,0.321939026491818,-0.5276149878010935,False,0.0
2007-06-14,0.8743638888888889,0.9610956120460518,Thursday,0.84098941902724,0.3171542959365568,0.1052310193784199,False,0.0
2007-06-15,0.687225,0.9448145935275332,Friday,0.7260646174399384,0.1361911391777829,-0.2851846138773941,False,0.0
2007-06-16,1.4012236111111112,0.9630077879719778,Saturday,0.8182494047619048,0.2906170541403031,2.0059875979190127,False,0.0
2007-06-17,1.3521458333333334,0.9703124176016072,Sunday,0.8783960317460318,0.3544319554732479,1.3366452834500688,False,0.0
2007-06-18,0.4711625,0.9529288990830888,Monday,0.8668702380952381,0.3678778017331448,-1.0756499474308616,False,0.0
2007-06-19,0.5857858136300418,0.9268919447226088,Tuesday,0.8594065051217521,0.3737771171689293,-0.7320423828087016,False,0.0
2007-06-20,0.7460319444444445,0.9258323150929793,Wednesday,0.8739912273439743,0.3658766865175337,-0.3497333599401054,False,0.0
2007-06-21,0.5603791666666667,0.9182881947226088,Thursday,0.8291362670265139,0.3845913658010649,-0.6988121009946581,False,0.0
2007-06-22,0.3932597222222222,0.8974862965744606,Friday,0.7871412273439742,0.4173263277476954,-0.943821366956466,False,0.0
2007-06-23,0.3316430555555555,0.8818191206485346,Saturday,0.634344005121752,0.3444609449574635,-0.87876711132978,False,0.0
2007-06-24,0.4962888888888888,0.8609958799077939,Sunday,0.5120787273439742,0.1360748685403073,-0.1160378740355589,False,0.0
2007-06-25,0.7445847222222223,0.8508096299077939,Monday,0.5511390448042917,0.1595844396566315,1.2121838309183293,False,0.0
2007-06-26,0.6561861111111111,0.8228258336114976,Tuesday,0.5611962301587302,0.1642810696093518,0.5782156226414875,False,0.0
2007-06-27,1.0283513888888889,0.8191998613892755,Wednesday,0.6015275793650794,0.236154256064059,1.807394101794336,False,0.0
2007-06-28,0.8996097222222222,0.8246187965744605,Thursday,0.6499890873015872,0.2599144550633795,0.9603953533856576,False,0.0
2007-06-29,0.906322446143155,0.8175641281125657,Friday,0.723283762147435,0.2474958592720958,0.7395626114071192,False,0.0
2007-06-30,0.9273013888888888,0.8267484799644176,Saturday,0.8083778097664825,0.1848778752406927,0.6432547916703365,False,0.0
2007-07-01,0.7129611111111112,0.8263091248309659,Sunday,0.839330984369657,0.135448102756939,-0.9329763258870888,False,0.0
2007-07-02,0.67155,0.8143338933494844,Monday,0.8288974526236252,0.1463379226738569,-1.0752336082718987,False,0.0
2007-07-03,0.73605,0.7900719952013363,Tuesday,0.8403065796077522,0.1331471556817637,-0.7830177000321126,False,0.0
2007-07-04,0.6968125,0.792196810016151,Wednesday,0.792943881195054,0.1124693399518536,-0.8547341100801904,False,0.0
2007-07-05,0.7342291666666666,0.7829004674235585,Thursday,0.7693180875442602,0.103326895301547,-0.3395913597828607,False,0.0
2007-07-06,0.7427250000000001,0.7684261397654626,Friday,0.7459470238095237,0.0838373777473699,-0.0384318295263559,False,0.0
2007-07-07,0.943198611111111,0.777065121246944,Saturday,0.7482180555555554,0.0895869366487537,2.1764395887318013,False,0.0
2007-07-08,0.7563055555555555,0.7525520193950922,Sunday,0.754410119047619,0.0882315885244717,0.0214825159518773,False,0.0
2007-07-09,0.8195541666666666,0.7546728216220695,Monday,0.7755535714285714,0.0826211311175077,0.5325586159733815,False,0.0
2007-07-10,0.6307805555555556,0.7446615253257731,Tuesday,0.7605150793650793,0.098972309349104,-1.3108163754360074,False,0.0
2007-07-11,0.5016333333333333,0.7429878679183658,Wednesday,0.7326323412698412,0.1392196815182368,-1.6592410312779566,False,0.0
2007-07-12,0.7427652777777779,0.746478979029477,Thursday,0.7338517857142858,0.1392733736037929,0.063999972376984,False,0.0
2007-07-13,0.5516541666666667,0.7434028216220695,Friday,0.7065559523809524,0.1550721533153857,-0.9989013656065407,False,0.0
2007-07-14,0.8945625,0.7440761086591066,Saturday,0.6996079365079365,0.1433486576776916,1.3600027140149704,False,0.0
2007-07-15,0.700018320610687,0.7445025526794627,Sunday,0.6915669029443839,0.1412007830549743,0.0598539008315035,False,0.0
2007-07-16,0.5928291666666666,0.7175560711979813,Monday,0.6591776172300982,0.1326969648601571,-0.4999997598539871,False,0.0
2007-07-17,0.4997444444444444,0.6891426915683517,Tuesday,0.6404581727856538,0.1459512059840424,-0.9641148724498672,False,0.0
2007-07-18,0.5257513888888888,0.6909623211979813,Wednesday,0.6439036092935903,0.1423685008250557,-0.8299042254430171,False,0.0
2007-07-19,0.4707541666666666,0.6871279329658688,Thursday,0.60504487913486,0.1479019009246426,-0.9079715110397116,False,0.0
2007-07-20,0.771126388888889,0.6879644144473502,Friday,0.6363980537380346,0.1576394528574479,0.8546612710758903,False,0.0
2007-07-21,0.7362833333333334,0.6938278866695724,Saturday,0.6137867442142252,0.1216898181995151,1.0066297323106388,False,0.0
2007-07-22,0.9560625434329396,0.7125879807099298,Sunday,0.6503644903316897,0.177577114003251,1.721494657783735,False,0.0
2007-07-23,0.6882069444444444,0.7244734436728927,Monday,0.6639898871570866,0.1760795115375589,0.1375347823031195,False,0.0
2007-07-24,0.5731138888888889,0.727034277006226,Tuesday,0.6744712363634359,0.1666017392570797,-0.6083810884959882,False,0.0
2007-07-25,0.3281666666666666,0.7131536751543741,Wednesday,0.6462448474745469,0.2076732192223188,-1.531628305272094,False,0.0
2007-07-26,0.6420138888888889,0.7126812677469668,Thursday,0.6707105220777215,0.1931320503423281,-0.1485855565555671,False,0.0
2007-07-27,0.8350791666666666,0.7062388603395593,Friday,0.6798466331888326,0.2000622230496953,0.7759212664515591,False,0.0
2007-07-28,1.1262930555555557,0.7137949714506706,Saturday,0.7355623077920072,0.262852623693378,1.4865012274686007,False,0.0
2007-07-29,0.2229972222222222,0.6910174639866394,Sunday,0.6308386904761905,0.3032826985823735,-1.3447567901510078,False,0.0
2007-07-30,0.3241777777777778,0.670913343616269,Monday,0.5788345238095237,0.3224130727589574,-0.7898462176257118,False,0.0
2007-07-31,0.5641194444444444,0.6659519547273801,Tuesday,0.5775496031746031,0.3224575909234152,-0.0416493799748955,False,0.0
2007-08-01,0.7472431289640592,0.6684750590261821,Wednesday,0.6374176692170879,0.3069712619602092,0.3577711445874934,False,0.0
2007-08-02,0.7079277777777778,0.6675376516187747,Thursday,0.6468339390583576,0.3081444523884223,0.1982636333248348,False,0.0
2007-08-03,0.7384472222222223,0.6689254756928487,Friday,0.6330293755662941,0.3003722100297334,0.3509573893187155,False,0.0
2007-08-04,0.7951319444444445,0.6709555682854413,Saturday,0.5857206454075641,0.226804673873285,0.923311215155459,False,0.0
2007-08-05,0.5465958333333333,0.6644179293965525,Sunday,0.631949018423437,0.1651490197948972,-0.5168252599749366,False,0.0
2007-08-06,0.75675,0.6582029756928488,Monday,0.6937450501694687,0.0981207539143327,0.6421164464914286,False,0.0
2007-08-07,1.0302638888888889,0.6673349201372931,Tuesday,0.7603371136615323,0.1432752041846237,1.883974109571188,False,0.0
2007-08-08,0.7815847222222222,0.666069271989145,Wednesday,0.7652430555555556,0.1433400591705447,0.1140062782255685,False,0.0
2007-08-09,0.7442222222222222,0.669850660878034,Thursday,0.7704279761904761,0.1415667604179754,-0.1851123377470916,False,0.0
2007-08-10,0.7138958333333333,0.6769260775447007,Friday,0.766920634920635,0.142789991703202,-0.3713481663162855,False,0.0
2007-08-11,0.7580902777777778,0.677436910878034,Saturday,0.7616289682539683,0.1422556240558098,-0.0248755752166408,False,0.0
2007-08-12,0.8624333333333334,0.6877962164335896,Sunday,0.8067486111111111,0.1088514057154776,0.5115664042757004,False,0.0
2007-08-13,0.8007027777777778,0.6846675590261821,Monday,0.8130275793650794,0.106733690439279,-0.1154724580081229,False,0.0
2007-08-14,0.6536041666666667,0.6831204205613816,Tuesday,0.7592190476190476,0.0662183103692684,-1.594949801096046,False,0.0
2007-08-15,0.8276805555555555,0.690948800191011,Wednesday,0.7658041666666666,0.0709370564742092,0.872271728830269,False,0.0
2007-08-16,0.6656222222222222,0.6964780594502702,Thursday,0.7545755952380953,0.0804989356448598,-1.1050254553465395,False,0.0
2007-08-17,0.7013138888888888,0.7023301427836036,Friday,0.7527781746031745,0.0816902922912312,-0.6299926744148762,False,0.0
2007-08-18,0.2416388888888888,0.6946929668576778,Saturday,0.6789994047619047,0.2094324974516829,-2.088312564643493,False,0.0
2007-08-19,0.9877041666666668,0.701912226116937,Sunday,0.6968952380952381,0.2318694402207709,1.2541925675696608,False,0.0
2007-08-20,0.929751388888889,0.7083611613021222,Monday,0.715330753968254,0.2461867610164846,0.8709673665444482,False,0.0
2007-08-21,0.4462194444444444,0.691366391335839,Tuesday,0.685704365079365,0.2664939626277599,-0.8986504544924134,False,0.0
2007-08-22,0.8401444444444445,0.6964309746691725,Wednesday,0.6874849206349207,0.2676398386849483,0.570391629884468,False,0.0
2007-08-23,0.7724388888888888,0.703075141335839,Thursday,0.7027444444444443,0.2692259667948681,0.2588696969841209,False,0.0
2007-08-24,1.1509478804725504,0.7305011817960352,Friday,0.7669778718135388,0.3180404765688709,1.2072991865733913,False,0.0
2007-08-25,0.7992222222222223,0.7357414595738129,Saturday,0.8466326337183008,0.2189151098451826,-0.2165698454054052,False,0.0
2007-08-26,0.9131291666666668,0.7383431262404796,Sunday,0.8359790622897295,0.2126299889901216,0.3628373624217301,False,0.0
2007-08-27,0.8414791666666667,0.7288493299441832,Monday,0.8233687448294119,0.2087234751510649,0.0867675369248582,False,0.0
2007-08-28,0.6923638888888889,0.7444948854997389,Tuesday,0.8585322368929039,0.1458642712451404,-1.139198424573427,False,0.0
2007-08-29,0.5194388888888889,0.7510035892034426,Wednesday,0.8127171575278246,0.1947696721019042,-1.505769689264001,False,0.0
2007-08-30,0.8350402777777778,0.7600342836478869,Thursday,0.8216602130833802,0.1940478833082851,0.0689523867319931,False,0.0
2007-08-31,0.8887652777777777,0.7647516886083443,Friday,0.7842055555555555,0.1367359062316276,0.7646837257589114,False,0.0
2007-09-01,1.1815875,0.7805403460157516,Saturday,0.8388291666666666,0.203707709547631,1.6825987297902905,False,0.0
2007-09-02,1.1544916666666667,0.7944084941638999,Sunday,0.8733095238095238,0.2362135489623071,1.190372627194266,False,0.0
2007-09-03,0.7214736111111111,0.7919532163861221,Monday,0.856165873015873,0.2431613605857864,-0.553921320312908,False,0.0
2007-09-04,1.1006555555555555,0.8104218737935295,Tuesday,0.914493253968254,0.2462702495818549,0.7559268807474254,False,0.0
2007-09-05,0.8587305555555554,0.8138212256453812,Wednesday,0.962963492063492,0.1800417517658969,-0.5789375824529174,False,0.0
2007-09-06,0.6260236111111112,0.8003465497194553,Thursday,0.9331039682539684,0.2181028773926393,-1.4079610540398158,False,0.0
2007-09-07,0.9281222222222224,0.8052311330527887,Friday,0.9387263888888888,0.21727509743238,-0.0488052556044382,False,0.0
2007-09-08,1.020661111111111,0.8144457626824183,Saturday,0.9157369047619048,0.1946291227514682,0.5390981825633018,False,0.0
2007-09-09,1.1663208333333333,0.8295265960157517,Sunday,0.9174267857142856,0.1970835066584277,1.2628862345666216,False,0.0
2007-09-10,0.7759555555555555,0.830122105275011,Monday,0.9252099206349208,0.1889637855877451,-0.789856980347481,False,0.0
2007-09-11,0.6830361111111111,0.8241421978676036,Tuesday,0.8655499999999999,0.190261098615088,-0.9592811679182388,False,0.0
2007-09-12,0.8942805555555555,0.8272614571268627,Wednesday,0.8706285714285714,0.190523012898283,0.1241424002653763,False,0.0
2007-09-13,0.7960986111111111,0.8320112719416777,Thursday,0.8949249999999999,0.1629851853936252,-0.6063519739552602,False,0.0
2007-09-14,0.7885208333333333,0.8307059478676035,Friday,0.8749819444444444,0.1667436839449891,-0.5185270534123244,False,0.0
2007-09-15,0.7606333333333333,0.8338729849046407,Saturday,0.837835119047619,0.1575937369822524,-0.4898785141631603,False,0.0
2007-09-16,1.1473777777777778,0.8487417812009369,Sunday,0.8351289682539683,0.1510393138310364,2.06733466674189,False,0.0
2007-09-17,1.0147125,0.8745109015713072,Monday,0.8692371031746031,0.1620094873584846,0.8979436895784859,False,0.0
2007-09-18,0.8107777777777778,0.8686133552750109,Tuesday,0.8874859126984127,0.1436999152760847,-0.5338077950377266,False,0.0
2007-09-19,0.9018638888888888,0.8676837719416776,Wednesday,0.8885692460317459,0.1437882341339301,0.092459879886693,False,0.0
2007-09-20,0.8718972222222222,0.8818730312009369,Thursday,0.8993976190476191,0.1384176651010793,-0.1986769304720947,False,0.0
2007-09-21,0.8602638888888888,0.882543679349085,Friday,0.909646626984127,0.1313133606760523,-0.3760678870832079,False,0.0
2007-09-22,0.8167861111111111,0.8840219200898257,Saturday,0.9176684523809524,0.1220838906223223,-0.8263362246697238,False,0.0
2007-09-23,0.9847013888888888,0.8784803703703703,Sunday,0.8944289682539682,0.0789233627663493,1.1437984580328882,False,0.0
2007-09-24,0.9406458333333332,0.8831944907407407,Monday,0.8838480158730159,0.0635840098839614,0.8932720280455935,False,0.0
2007-09-25,1.2252375,0.8935981018518518,Tuesday,0.9430565476190476,0.1359690690525425,2.075331943854886,False,0.0
2007-09-26,1.267221140472879,0.9077895009787256,Wednesday,0.9952504407024748,0.1803893738714915,1.5076869215376,False,0.0
2007-09-27,0.9670833333333332,0.9169468157935404,Thursday,1.0088484565754905,0.1729763877974972,-0.2414498520517816,False,0.0
2007-09-28,1.1670125,0.9385326028305774,Friday,1.052669686734221,0.1678398908693572,0.6812612464981939,False,0.0
2007-09-29,1.5948069444444444,0.963858158386133,Saturday,1.1638155200675542,0.2312355742814088,1.8638629705496037,False,0.0
2007-09-30,1.0529791666666666,0.9693319546824292,Sunday,1.1735694883215224,0.223739502863613,-0.5389764440853576,False,0.0
2007-10-01,1.1950847222222225,0.9697818620898369,Monday,1.209917901019935,0.1988790324740252,-0.0745839247767348,False,0.0
2007-10-02,1.526988888888889,0.9821984361639108,Tuesday,1.2530252422897763,0.2325972336044394,1.1778456792182743,False,0.0
2007-10-03,0.8892041666666667,0.9877894546824292,Wednesday,1.1990228174603177,0.2696785916644511,-1.148844069829407,False,0.0
2007-10-04,1.0544847222222222,0.9862504269046516,Thursday,1.2115087301587302,0.2589605206008917,-0.6063627288520644,False,0.0
2007-10-05,0.9681194444444444,0.989896723200948,Friday,1.1830954365079367,0.2750668193030186,-0.7815409819628985,False,0.0
2007-10-06,1.2196111111111112,1.0096829732009478,Saturday,1.1294960317460316,0.2104310203199751,0.4282404715238906,False,0.0
2007-10-07,1.4625791666666668,1.0274982046824297,Sunday,1.1880103174603176,0.2404195563925169,1.142040411879302,False,0.0
2007-10-08,0.7605847222222222,1.0188289917194662,Monday,1.1259388888888888,0.289390720630853,-1.2624944084945715,False,0.0
2007-10-09,1.172123611111111,1.019022417645392,Tuesday,1.0752438492063492,0.2330178647841226,0.4157610919425225,False,0.0
2007-10-10,0.8103972222222222,1.0201704732009478,Wednesday,1.0639857142857143,0.2450951192848315,-1.0346533737735926,False,0.0
2007-10-11,1.2030875,1.037505519497244,Thursday,1.085214682539683,0.2505108311930816,0.4705298245945572,False,0.0
2007-10-12,1.329516666666667,1.0520133898676145,Friday,1.1368428571428573,0.2594378361779245,0.7426588671965041,False,0.0
2007-10-13,1.3380055555555557,1.0700769546824291,Saturday,1.1537563492063492,0.2694009802368191,0.683921811224446,False,0.0
2007-10-14,1.431425,1.0915070935713185,Sunday,1.149305753968254,0.2636446539627972,1.0700738353357844,False,0.0
2007-10-15,0.8793958333333333,1.0954658435713185,Monday,1.16627876984127,0.2369183274322076,-1.21089381145503,False,0.0
2007-10-16,1.3641958333333333,1.102693112089837,Tuesday,1.193717658730159,0.2485452731151487,0.6859039098450016,False,0.0
2007-10-17,1.0950902777777778,1.1053723713490955,Wednesday,1.2343880952380952,0.1922943616420634,-0.7243988657327679,False,0.0
2007-10-18,1.054534722222222,1.1134976028305774,Thursday,1.21316626984127,0.2041558540783185,-0.7770119957382823,False,0.0
2007-10-19,1.4483666666666668,1.131714362089837,Friday,1.2301448412698412,0.2197883774367962,0.9928724527737088,False,0.0
2007-10-20,1.1529486111111111,1.1410827417194662,Saturday,1.2037081349206349,0.2157446844861356,-0.2352758953502083,False,0.0
2007-10-21,1.3485694444444445,1.157359593571318,Sunday,1.191871626984127,0.2030696601409621,0.7716456380118267,False,0.0
2007-10-22,1.1478444444444444,1.168394871349096,Monday,1.2302214285714288,0.1535285214711949,-0.5365581804449276,False,0.0
2007-10-23,1.359282336578581,1.1808809029387524,Tuesday,1.2295195004636068,0.1528235198704871,0.8491025218169557,False,0.0
2007-10-24,1.2955805555555555,1.1927120603461598,Wednesday,1.2581609687175752,0.1418218838986513,0.2638491734090986,False,0.0
2007-10-25,1.2874430555555554,1.1947855788646784,Thursday,1.291433587765194,0.1097914709917248,-0.0363464682055267,False,0.0
2007-10-26,0.9983111111111111,1.185821911219286,Friday,1.2271399369715434,0.1320871448166298,-1.7324079960854954,False,0.0
2007-10-27,1.2400611111111113,1.1949211704785452,Saturday,1.2395845798286864,0.1279717435687656,0.0037237226682685,False,0.0
2007-10-28,0.3556652777777778,1.167876263071138,Sunday,1.0977411274477338,0.3480563364005879,-2.1320567162893997,False,0.0
2007-10-29,0.3787694444444444,1.1273416797378044,Monday,0.9878732703048768,0.4390847671019726,-1.3872123824304174,False,0.0
2007-10-30,0.5632,1.1110157075155824,Tuesday,0.8741472222222223,0.4298526860292966,-0.7233808984528007,False,0.0
2007-10-31,0.8911180555555556,1.10088348529336,Wednesday,0.8163668650793651,0.389005560619703,0.1921596965274958,False,0.0
2007-11-01,0.3445944444444444,1.061470337145212,Thursday,0.6816742063492064,0.3609278807430174,-0.9339255288642124,False,0.0
2007-11-02,1.002501388888889,1.065246911219286,Friday,0.6822728174603175,0.361543509100954,0.8857262358958676,False,0.0
2007-11-03,0.3420486111111111,1.0414990408489158,Saturday,0.5539853174603174,0.2809813769915846,-0.7542731430046121,False,0.0
2007-11-04,1.0317263888888888,1.0436192723303972,Sunday,0.6505654761904761,0.315519362602931,1.2080428584602871,False,0.0
2007-11-05,1.042077777777778,1.0377014945526193,Monday,0.7453238095238096,0.3198618494320839,0.927756682395404,False,0.0
2007-11-06,1.4460958333333334,1.037152050108175,Tuesday,0.8714517857142858,0.4000883442120364,1.43629289863666,False,0.0
2007-11-07,1.2810819444444446,1.0545019575155825,Wednesday,0.9271609126984128,0.4293618629261461,0.8242954540350251,False,0.0
2007-11-08,1.0424027777777778,1.0501779297378049,Thursday,1.0268478174603175,0.3441037393670864,0.0452042757398413,False,0.0
2007-11-09,1.5077958333333334,1.073424550108175,Friday,1.0990327380952385,0.388305701455479,1.0526837327032184,False,0.0
2007-11-10,1.813611111111111,1.093775337145212,Saturday,1.3092559523809526,0.2980292464956979,1.692300888790251,False,0.0
2007-11-11,1.3105027777777778,1.0931415408489156,Sunday,1.3490811507936509,0.272275951184933,-0.1416885070017447,False,0.0
2007-11-12,1.4973236111111112,1.0984521427007676,Monday,1.4141162698412697,0.2390686618920198,0.3480478813547875,False,0.0
2007-11-13,1.537776388888889,1.101997188997064,Tuesday,1.4272134920634922,0.2435813767324334,0.453905377777902,False,0.0
2007-11-14,1.4222180555555557,1.120091263071138,Wednesday,1.4473757936507938,0.235165267731898,-0.1069789698873364,False,0.0
2007-11-15,1.0361027777777778,1.1091548278859529,Thursday,1.446475793650794,0.236978514808302,-1.7316886984669362,False,0.0
2007-11-16,1.6039958333333333,1.1261183464044713,Friday,1.4602186507936508,0.2438179825410305,0.5896906415238967,False,0.0
2007-11-17,1.8125652777777777,1.1513860315896565,Saturday,1.460069246031746,0.2435655318894873,1.447232820717708,False,0.0
2007-11-18,1.5165680555555556,1.1536594112192862,Sunday,1.4895071428571427,0.2347696987165566,0.1152657810882325,False,0.0
2007-11-19,1.1969819444444445,1.1551271889970638,Monday,1.4466011904761906,0.2592695887473062,-0.9627787325070136,False,0.0
2007-11-20,1.4554555555555555,1.158690059367434,Tuesday,1.4348410714285715,0.2562946540183936,0.0804327511470626,False,0.0
2007-11-21,1.217398193189715,1.161008517658943,Wednesday,1.405581091090594,0.2693358305448993,-0.6986924001910999,False,0.0
2007-11-22,1.3419291666666666,1.1604300786618793,Thursday,1.4492705752175783,0.2196310102585986,-0.4887352128669143,False,0.0
2007-11-23,1.7518180555555556,1.1756379953285463,Friday,1.470388035535039,0.2428648892049965,1.1587925325136983,False,0.0
2007-11-24,1.3187875,1.176682810143361,Saturday,1.399848352995356,0.1936348178175441,-0.4186274653959034,False,0.0
2007-11-25,0.9691652777777776,1.175711282365583,Sunday,1.3216479561699592,0.2429073773735518,-1.4510991070070336,False,0.0
2007-11-26,1.0900805555555555,1.1707119305137312,Monday,1.3063763291858324,0.2551056161369091,-0.8478675495493445,False,0.0
2007-11-27,1.9451472222222224,1.223694661995213,Tuesday,1.3763322815667844,0.3516674668509968,1.6174795631477832,False,0.0
2007-11-28,1.1423194444444444,1.2491463286618796,Wednesday,1.365606746031746,0.3584031126982077,-0.6230060333636668,False,0.0
2007-11-29,1.194739402362752,1.2701976420739711,Thursday,1.3445796368454723,0.3642931038951495,-0.4113177902095215,False,0.0
2007-11-30,1.6192555555555557,1.294468892073971,Friday,1.3256421368454725,0.3423813959060282,0.8575624208000773,False,0.0
2007-12-01,2.177043055555556,1.3555505124443417,Saturday,1.4482500733534092,0.4695667714759911,1.5520539920474543,False,0.0
2007-12-02,2.045963888888889,1.3903325957776749,Sunday,1.602078446369282,0.4627913681785738,0.9591480590198224,False,0.0
2007-12-03,1.2236527777777777,1.4197194013332302,Monday,1.6211601924010282,0.4403730346712621,-0.902660661136959,False,0.0
2007-12-04,1.4358583333333332,1.4331904661480452,Tuesday,1.5484046368454727,0.4195009029441337,-0.2682862008693402,False,0.0
2007-12-05,1.4952222222222222,1.4482952809628602,Wednesday,1.5988193193851552,0.3821033345519686,-0.2711232480721601,False,0.0
2007-12-06,1.7277319444444446,1.4576831513332305,Thursday,1.6749611111111111,0.3388147547167367,0.1557512847321305,False,0.0
2007-12-07,1.2284833333333334,1.4559298642961933,Friday,1.619136507936508,0.3792969858775993,-1.029940097465578,False,0.0
2007-12-08,1.5370861111111112,1.472419308740638,Saturday,1.5277140873015875,0.2887222886427809,0.0324603405354654,False,0.0
2007-12-09,1.5795722222222222,1.474811855036934,Sunday,1.4610867063492063,0.1840268611819592,0.6438490289516026,False,0.0
2007-12-10,1.2213569444444443,1.4550700494813784,Monday,1.46075873015873,0.184521926947398,-1.2974164625027595,False,0.0
2007-12-11,1.6007666666666664,1.4647455124443416,Tuesday,1.4843170634920635,0.1912185818129445,0.6089868571900467,False,0.0
2007-12-12,1.1028208333333334,1.451595419851749,Wednesday,1.4282597222222222,0.2390295479468354,-1.361500666692774,False,0.0
2007-12-13,1.2831569444444446,1.443108105036934,Thursday,1.364749007936508,0.2024626209050904,-0.402998159004924,False,0.0
2007-12-14,1.3713944444444444,1.4414139846665637,Friday,1.3851648809523809,0.1934359712484001,-0.0711886027147105,False,0.0
2007-12-15,1.9006083333333328,1.4702308365184156,Saturday,1.437096626984127,0.273321665974051,1.6958469234312792,False,0.0
2007-12-16,1.9182069444444445,1.4807045402221193,Sunday,1.4854730158730158,0.327366847196383,1.3218624068913043,False,0.0
2007-12-17,1.248829742876998,1.4619133557254265,Monday,1.4893977013633806,0.3238181674010424,-0.742910629187904,False,0.0
2007-12-18,1.8216625,1.4720831705402415,Tuesday,1.5209542489824284,0.3464523472116316,0.8679642480063294,False,0.0
2007-12-19,1.5250361111111113,1.4830183094291305,Wednesday,1.581270717236397,0.2943608746783245,-0.1910396759988507,False,0.0
2007-12-20,1.353998611111111,1.4796364112809823,Thursday,1.5913909553316348,0.2834177721459292,-0.8376057098433917,False,0.0
2007-12-21,1.3767888888888888,1.4849494344709548,Friday,1.5921615902522697,0.2827263772568405,-0.7617708098304786,False,0.0
2007-12-22,1.813377777777777,1.5006643881746584,Saturday,1.5797000823157616,0.2684260948648334,0.8705476104314108,False,0.0
2007-12-23,1.67295,1.498035452989473,Sunday,1.5446633759665551,0.2301561304577153,0.5573895588977745,False,0.0
2007-12-24,1.56795,1.5063408696561398,Monday,1.5902519841269842,0.1898716875319954,-0.1174581867200507,False,0.0
2007-12-25,1.8715055555555555,1.536418878915399,Tuesday,1.5973724206349205,0.2006262639128422,1.366387080007263,False,0.0
2007-12-26,1.7918611111111111,1.5598115641005843,Wednesday,1.6354902777777778,0.2097331234550348,0.7455705172237996,False,0.0
2007-12-27,1.7584708333333332,1.553589017804288,Thursday,1.6932720238095236,0.1714853958144662,0.380200361751794,False,0.0
2007-12-28,2.1618416666666667,1.587573091878362,Friday,1.8054224206349203,0.1860982719010245,1.915220611082869,False,0.0
2007-12-29,2.290941666666667,1.6241131673551592,Saturday,1.8736458333333328,0.2616868399142144,1.5946382075236591,False,1.0
2007-12-30,1.777025,1.6293721488366408,Sunday,1.8885136904761903,0.2511272614931356,-0.4439529576092547,False,0.0
2007-12-31,1.5392652777777778,1.6081128895773813,Monday,1.884415873015873,0.2573859741566252,-1.3409844742668977,False,0.0
2008-01-01,1.916484722222222,1.603796917355159,Tuesday,1.8908414682539685,0.2575713347885966,0.0995578719553583,False,0.0
2008-01-02,1.141740277777778,1.6010665006884923,Wednesday,1.7979670634920637,0.384931563632257,-1.7047881953925952,False,0.0
2008-01-03,1.048686111111111,1.588160759947752,Thursday,1.696569246031746,0.4790485750920585,-1.3524372445865886,False,0.0
2008-01-04,1.5915638888888888,1.5913721488366406,Friday,1.6151009920634922,0.4330152785178136,-0.0543562879701834,False,0.0
2008-01-05,1.5161444444444443,1.584319232169974,Saturday,1.5044156746031747,0.3141885031152275,0.0373303597202858,False,0.0
2008-01-06,1.2674888888888889,1.5856194173551592,Sunday,1.4316248015873014,0.2991697879336032,-0.5486379952739089,False,0.0
2008-01-07,1.177648611111111,1.5736381673551592,Monday,1.3799652777777778,0.3085589788263395,-0.655682318616088,False,0.0
2008-01-08,1.4191319444444443,1.5682901580959,Tuesday,1.308914880952381,0.2039590080439358,0.5403883091465171,False,0.0
2008-01-09,1.2419722222222225,1.568977334021826,Wednesday,1.32323373015873,0.1935176250744426,-0.4199178648727615,False,0.0
2008-01-10,1.3153305555555557,1.5594627969847887,Thursday,1.3613257936507936,0.1523282941671396,-0.3019480940603883,False,0.0
2008-01-11,1.1845958333333333,1.562188630318122,Friday,1.3031875,0.1250246144283773,-0.9485465498844152,False,0.0
2008-01-12,1.994033333333333,1.585884509947752,Saturday,1.3714573412698414,0.2866702030602516,2.1717499252360044,False,0.0
2008-01-13,2.0025406532314105,1.6069227169073173,Sunday,1.4764647361759156,0.3659120269014598,1.437711467180518,False,0.0
2008-01-14,1.4062027777777777,1.590442531722132,Monday,1.509115331414011,0.3443672712865804,-0.2988453381523304,False,0.0
2008-01-15,1.865911111111111,1.5886993372776876,Tuesday,1.5729409266521064,0.3656553881791932,0.8012193828672137,False,0.0
2008-01-16,1.4832305555555554,1.596512697700306,Wednesday,1.6074064028425823,0.3397096214548268,-0.3655352673122309,False,0.0
2008-01-17,1.0918625,1.5721860310336393,Thursday,1.5754823949060746,0.3798593995731636,-1.2731550027444456,False,0.0
2008-01-18,1.5187416666666669,1.5719762162188249,Friday,1.6232175139536935,0.3416225245681877,-0.3058224788283055,False,0.0
2008-01-19,1.3752125,1.5726833458484542,Saturday,1.5348145377632174,0.3080941975550907,-0.5180300019596402,False,0.0
2008-01-20,1.208588888888889,1.5670766791817876,Sunday,1.4213928571428571,0.2473648852916047,-0.860283657492879,False,0.0
2008-01-21,1.2909708333333334,1.5496631143669728,Monday,1.4049311507936508,0.2523286779196049,-0.4516344253847618,False,0.0
2008-01-22,1.6145958333333337,1.547717975478084,Tuesday,1.3690289682539682,0.1845953044348293,1.3302985459527863,False,0.0
2008-01-23,1.3071583333333334,1.5390249199225283,Wednesday,1.3438757936507937,0.1783301040632603,-0.2058960292224985,False,0.0
2008-01-24,1.142376388888889,1.514720614366973,Thursday,1.3510920634920631,0.1671010393848615,-1.2490387574578006,False,0.0
2008-01-25,1.5554555555555558,1.5068404291817878,Friday,1.356336904761905,0.1736865150710558,1.1464255052396597,False,0.0
2008-01-26,1.9687416666666664,1.5138494569595655,Saturday,1.4411267857142858,0.2902183287428541,1.817992968389912,False,0.0
2008-01-27,1.6540041666666667,1.4969215402928988,Sunday,1.50475753968254,0.2793626275222939,0.5342397739734049,False,0.0
2008-01-28,1.6029138888888887,1.4739872810336396,Monday,1.5493208333333337,0.2640358463756355,0.2029764378254538,False,0.0
2008-01-29,1.85835,1.4766981143669728,Tuesday,1.5841428571428573,0.2889751303769197,0.948895299396475,False,0.0
2008-01-30,1.1393375,1.463367188441047,Wednesday,1.5601684523809525,0.3209744877154903,-1.311104054955216,False,0.0
2008-01-31,1.3568902777777778,1.4447140402928988,Thursday,1.5908132936507935,0.2823549168638634,-0.8284715508807696,False,0.0
2008-02-01,1.0657305555555556,1.4421803828854916,Friday,1.5208525793650791,0.3460602057113771,-1.3151527286240674,False,0.0
2008-02-02,2.040329395413482,1.475235159028904,Saturday,1.5310793977574817,0.3621844394432489,1.4060515643323082,False,0.0
2008-02-03,1.4476166666666668,1.470436918288163,Sunday,1.501595469186053,0.3588954869714041,-0.150402566983761,False,0.0
2008-02-04,1.130651388888889,1.4575871497696449,Monday,1.4341293977574814,0.3804182383441152,-0.7977483156159171,False,0.0
2008-02-05,1.7169833333333335,1.4725702979177926,Tuesday,1.4139341596622437,0.357187278702345,0.8484321579762367,False,0.0
2008-02-06,1.1594027777777778,1.4719621034733483,Wednesday,1.4168006279162118,0.3546881011972154,-0.725701959748896,False,0.0
2008-02-07,1.0543819444444444,1.459803770140015,Thursday,1.3735851517257356,0.3806807291297237,-0.8385063462787394,False,0.0
2008-02-08,1.3545583333333333,1.4635566405103857,Friday,1.4148462628368466,0.3566457433711584,-0.169041494603714,False,0.0
2008-02-09,1.4599138888888887,1.4683760849548295,Saturday,1.331929761904762,0.2330425699598467,0.549187760013883,False,0.0
2008-02-10,1.5171625,1.479461640510385,Sunday,1.341864880952381,0.2401700084233308,0.7298897151997186,False,0.0
2008-02-11,1.1750111111111112,1.4521608997696445,Monday,1.348201984126984,0.2341786094773412,-0.7395674327489359,False,0.0
2008-02-12,1.3804152777777778,1.4314233872545232,Tuesday,1.3001208333333332,0.1721884433570435,0.4663172677503628,False,0.0
2008-02-13,1.319790277777778,1.4285429705878567,Wednesday,1.3230333333333333,0.1606256504246221,-0.0201901473829503,False,0.0
2008-02-14,1.1143208333333334,1.4034899613285978,Thursday,1.331596031746032,0.1447283073679614,-1.5012626234914217,False,0.0
2008-02-15,1.3925055555555557,1.4004657946619308,Friday,1.3370170634920635,0.1464324004570864,0.378935890487935,False,0.0
2008-02-16,1.629825,1.4183978779952644,Saturday,1.3612900793650795,0.1803530289525534,1.4889404530353951,False,0.0
2008-02-17,1.3426166666666666,1.412527044661931,Sunday,1.3363549603174605,0.166765031310497,0.0375480776755141,False,0.0
2008-02-18,1.0516694444444443,1.4017422761434124,Monday,1.3187347222222223,0.1913566259393615,-1.3956416532051916,False,0.0
2008-02-19,1.477025,1.4106901465137829,Tuesday,1.3325361111111111,0.1998424890190055,0.7230138575543245,False,0.0
2008-02-20,1.5651319444444445,1.4198288502174867,Wednesday,1.3675849206349209,0.2179302467064789,0.9064690505104211,False,0.0
2008-02-21,1.1346180555555554,1.403829590958227,Thursday,1.3704845238095236,0.2141002736241014,-1.1016635535369836,False,0.0
2008-02-22,1.2031694444444443,1.400363294661931,Friday,1.3434365079365078,0.2226438886056256,-0.6300063494692275,False,0.0
2008-02-23,1.2753616133518777,1.404796135477364,Saturday,1.2927988812724904,0.1835249506414872,-0.0950130642164079,False,0.0
2008-02-24,0.8770888888888889,1.3821839132551417,Sunday,1.226294913018522,0.2385588629385076,-1.4638149252901438,False,0.0
2008-02-25,0.3503388888888888,1.3282371539958824,Monday,1.1261048336534427,0.4098781372617749,-1.892674612866944,False,0.0
2008-02-26,0.3521666666666667,1.284842570662549,Tuesday,0.9654107860343952,0.4660253585768163,-1.3159028968734665,False,0.0
2008-02-27,0.3935555555555555,1.2445306262181046,Wednesday,0.7980427304788397,0.423152116789003,-0.9558907042522824,False,0.0
2008-02-28,0.3535999999999999,1.194372292884771,Thursday,0.6864687225423316,0.4225816213376146,-0.7877027909748865,False,0.0
2008-02-29,0.9259361111111112,1.1872589132551417,Friday,0.6468639606375698,0.3765715058633218,0.7410867421679849,False,0.0
2008-03-01,0.7929694444444444,1.1684615521440305,Saturday,0.5779507936507936,0.2720082520228121,0.7904857635555046,False,0.0
2008-03-02,0.8071013888888889,1.1598405799218083,Sunday,0.5679525793650794,0.260210677549305,0.9190584021230082,False,0.0
2008-03-03,0.7226041666666666,1.1159164056302475,Monday,0.6211333333333334,0.2459748047015587,0.4125253131370416,False,0.0
2008-03-04,1.1590208333333334,1.1062965445191366,Tuesday,0.7363982142857142,0.2848975174513126,1.4834198024201564,False,0.0
2008-03-05,1.4147277777777778,1.1157657574820994,Wednesday,0.8822799603174604,0.3368033783442992,1.5808862134275254,False,0.0
2008-03-06,1.7383388888888889,1.1164776093339517,Thursday,1.0800998015873016,0.3785993166771024,1.7386166807664434,False,0.0
2008-03-07,1.2937194444444444,1.1209548315561737,Friday,1.1326402777777778,0.37915872938545,0.4248330690625211,False,0.0
2008-03-08,1.5615694444444443,1.1378610815561738,Saturday,1.2424402777777777,0.3756726694466725,0.8494873133483769,False,0.0
2008-03-09,1.083651388888889,1.1288308500746924,Sunday,1.2819474206349208,0.3345514385246673,-0.5927221016310499,False,0.0
2008-03-10,1.1240875,1.1176366371117292,Monday,1.3393021825396825,0.2451448170315358,-0.8779083528900268,False,0.0
2008-03-11,1.5278069444444444,1.1179914519265444,Tuesday,1.3919859126984129,0.2395062769983267,0.567087566339568,False,0.0
2008-03-12,1.2321055555555556,1.1198946000746923,Wednesday,1.3658970238095238,0.2464615134384532,-0.542849333299168,False,0.0
2008-03-13,1.1635513888888889,1.112665803778396,Thursday,1.2837845238095238,0.191264755488357,-0.6286214865548186,False,0.0
2008-03-14,1.5348749999999998,1.1198352945191368,Friday,1.3182353174603174,0.2137494500794005,1.0135215901571124,False,0.0
2008-03-15,1.0946527777777777,1.1191796926672848,Saturday,1.2515329365079364,0.1973854797843668,-0.7947907764114256,False,0.0
2008-03-16,1.2513611111111111,1.11447487785247,Sunday,1.2754914682539682,0.1832866164268636,-0.1316536777931394,False,0.0
2008-03-17,1.1853597222222223,1.0996593685932108,Monday,1.2842446428571428,0.1761761174447776,-0.5612844809451314,False,0.0
2008-03-18,1.3316430555555556,1.0992935815561735,Tuesday,1.25622123015873,0.1435589189754871,0.5253719234936834,False,0.0
2008-03-19,0.9086444444444444,1.0945260815561737,Wednesday,1.2100125,0.1953357401630138,-1.542820864753447,False,0.0
2008-03-20,0.8703291666666667,1.0743028871117295,Thursday,1.168123611111111,0.2344780328454885,-1.2700313152178255,False,0.0
2008-03-21,1.4350291666666666,1.06996612785247,Friday,1.1538599206349207,0.2102330102509383,1.3374172100572437,False,0.0
2008-03-22,1.4260527777777778,1.0796806185932109,Saturday,1.2012027777777778,0.2309695342291453,0.9735050155009876,False,0.0
2008-03-23,1.6152708333333332,1.0934173315561737,Sunday,1.253189880952381,0.2799105328509876,1.293559583817836,False,0.0
2008-03-24,1.3722501737317585,1.096646950235503,Monday,1.2798885168823146,0.2812721520654748,0.3283711386683734,False,0.0
2008-03-25,1.3999,1.11407398727254,Tuesday,1.2896395089458068,0.2845296680630839,0.3875184328045079,False,0.0
2008-03-26,1.1343555555555556,1.1402078761614292,Wednesday,1.321883953390251,0.244069911320481,-0.7683388616815513,False,0.0
2008-03-27,0.9519597222222222,1.160200978013281,Thursday,1.333545461326759,0.2196250614466723,-1.7374416953649456,False,0.0
2008-03-28,1.3093222222222225,1.1907265335688362,Friday,1.3155873264061242,0.2150354103735521,-0.0291352209062599,False,0.0
2008-03-29,1.716076388888889,1.2361424131984655,Saturday,1.3570192708505686,0.2625560249310548,1.3675447673790997,False,0.0
2008-03-30,1.4905499999999998,1.254962876161429,Sunday,1.3392020089458068,0.2458076482792623,0.615717176067062,False,0.0
2008-03-31,0.9566458333333332,1.2604187557910589,Monday,1.2798299603174603,0.2837575740283491,-1.138944495458081,False,0.0
2008-04-01,1.4785083333333335,1.28279898727254,Tuesday,1.2910597222222222,0.2907701536490431,0.6446624894567414,False,0.0
2008-04-02,1.1747722222222223,1.2978712557910586,Wednesday,1.2968335317460318,0.2875230200027943,-0.4245270849013173,False,0.0
2008-04-03,0.7838583333333334,1.285365839124392,Thursday,1.2728190476190475,0.325623930259292,-1.5016117331928225,False,0.0
2008-04-04,1.1332763888888888,1.275984126161429,Friday,1.247669642857143,0.3291144399939719,-0.3475789575515113,False,0.0
2008-04-05,1.3685847222222225,1.26365898727254,Saturday,1.1980279761904762,0.2670403836123473,0.6386927090373614,False,0.0
2008-04-06,1.1779986111111111,1.2598016261614289,Sunday,1.1533777777777778,0.2340726234892306,0.1051845917148276,False,0.0
2008-04-07,1.0686375,1.243370561346614,Monday,1.1693765873015871,0.2218955015964706,-0.4539933733527733,False,0.0
2008-04-08,1.8454972222222223,1.2687654224577252,Tuesday,1.2218035714285715,0.3260271557403323,1.9130113544602956,False,0.0
2008-04-09,0.8464250000000001,1.2595100057910589,Wednesday,1.1748968253968255,0.3561501701055711,-0.9222846230831752,False,0.0
2008-04-10,1.0262125,1.2427901909762438,Thursday,1.2095188492063491,0.3219375707110807,-0.5693847686104813,False,0.0
2008-04-11,1.3039333333333334,1.245184450235503,Friday,1.2338984126984127,0.3216632392366724,0.2177274618048305,False,0.0
2008-04-12,1.9444541666666668,1.2712145428280957,Saturday,1.3161654761904764,0.4203525159974608,1.494670940615913,False,0.0
2008-04-13,1.5506847222222222,1.2717415335688365,Sunday,1.3694063492063493,0.423525773806303,0.4280220572804608,False,0.0
2008-04-14,1.1038763888888887,1.27204898727254,Monday,1.374440476190476,0.4195456567528737,-0.6448978387612258,False,0.0
2008-04-15,1.1600041666666667,1.2690037557910585,Tuesday,1.2765128968253967,0.3681193524432093,-0.3164971615468221,False,0.0
2008-04-16,1.0340722222222225,1.263960839124392,Wednesday,1.303319642857143,0.3371060209429476,-0.7987024968637043,False,0.0
2008-04-17,0.9693486111111111,1.2518843576429106,Thursday,1.29519623015873,0.3454777293164499,-0.9431798098601888,False,0.0
2008-04-18,1.293326388888889,1.264707089124392,Friday,1.2936809523809525,0.3454562817466162,-0.0010263628447303,False,0.0
2008-04-19,1.565076388888889,1.2878653298651328,Saturday,1.2394841269841272,0.2400100313643508,1.35657772324729,False,0.0
2008-04-20,1.2440402777777777,1.2814990335688363,Sunday,1.1956777777777778,0.1980618023711662,0.244178834187164,False,0.0
2008-04-21,0.8084416666666666,1.2609119965317994,Monday,1.1534728174603175,0.2464502537260573,-1.400003228145066,False,0.0
2008-04-22,1.1303305555555556,1.2447473206058737,Tuesday,1.14923373015873,0.2465743573128223,-0.076663181075202,False,0.0
2008-04-23,0.9425888888888888,1.2304252777777778,Wednesday,1.1361646825396825,0.2559419854768306,-0.7563268421558653,False,0.0
2008-04-24,0.7248416666666666,1.2079233333333337,Thursday,1.101235119047619,0.2960451261881994,-1.2714056712478172,False,0.0
2008-04-25,0.8803708333333333,1.1994571759259258,Friday,1.0422414682539682,0.2925111169841324,-0.5533828477685371,False,0.0
2008-04-26,0.6271986111111112,1.1886318055555556,Saturday,0.9082589285714284,0.2185640614737196,-1.285940220753595,False,0.0
2008-04-27,0.7001666666666667,1.1683266203703704,Sunday,0.8305626984126985,0.1707424178555631,-0.7637002766139709,False,0.0
2008-04-28,0.457675,1.1263799074074077,Monday,0.7804531746031745,0.2220724298054098,-1.4534815280132152,False,0.0
2008-04-29,1.3698722222222222,1.1223573148148147,Tuesday,0.8146734126984126,0.2923184461065979,1.8992944746338332,False,0.0
2008-04-30,0.7650874999999999,1.115972037037037,Wednesday,0.7893160714285715,0.287023771954005,-0.0844131176439775,False,0.0
2008-05-01,0.4000097222222222,1.0800220833333334,Thursday,0.742911507936508,0.323167828966359,-1.0610641127585163,False,0.0
2008-05-02,1.0401166666666666,1.0755335648148148,Friday,0.7657323412698412,0.3397094300702816,0.8077029988247859,False,0.0
2008-05-03,0.8955555555555554,1.0792568055555556,Saturday,0.8040690476190476,0.3365980621037251,0.2717974885675829,False,0.0
2008-05-04,1.0215069444444445,1.0755311574074071,Sunday,0.8499748015873015,0.3419360805151601,0.5016497311389688,False,0.0
2008-05-05,0.9492583333333332,1.0615536111111112,Monday,0.920200992063492,0.2952280924690159,0.0984233614993489,False,0.0
2008-05-06,1.2430416666666666,1.063721712962963,Tuesday,0.9020823412698412,0.2654184265447842,1.284610604604331,False,0.0
2008-05-07,0.81685,1.0553287962962965,Wednesday,0.909476984126984,0.2616600361665084,-0.3539974444857164,False,0.0
2008-05-08,1.4699291666666665,1.042809861111111,Thursday,1.062322619047619,0.2242814780287878,1.817388360383147,False,0.0
2008-05-09,1.2133833333333333,1.0550418055555555,Friday,1.087075,0.2308861771740744,0.54705887931136,False,0.0
2008-05-10,1.325783333333333,1.0650275,Saturday,1.148536111111111,0.2286592276765183,0.7751588423668244,False,0.0
2008-05-11,1.1186944444444444,1.0588528703703703,Sunday,1.1624200396825397,0.2225290340559002,-0.1964938886451598,False,0.0
2008-05-12,1.058475,1.0293202314814816,Monday,1.1780224206349206,0.2084776743316212,-0.5734303254206436,False,0.0
2008-05-13,1.0256208333333334,1.0118181018518515,Tuesday,1.1469623015873014,0.2133163803130105,-0.5688333360800382,False,0.0
2008-05-14,1.1001819444444445,1.0116949537037037,Wednesday,1.1874382936507937,0.1606079062393621,-0.5432880064839796,False,0.0
2008-05-15,0.8074777777777778,0.999944074074074,Thursday,1.0928023809523808,0.1615789826261124,-1.7658522076155976,False,0.0
2008-05-16,1.14605702364395,1.0036769007881317,Friday,1.0831843367110403,0.1550781250557536,0.4054258904039852,False,0.0
2008-05-17,1.1510097222222222,1.009732271158502,Saturday,1.0582166779808817,0.1194973298901034,0.7765281812294739,False,0.0
2008-05-18,1.2527486111111112,1.0083796785659094,Sunday,1.0773672732189772,0.1398186723285643,1.254348471282862,False,0.0
2008-05-19,0.7154597222222222,0.980059123010354,Monday,1.0283650906792945,0.1962597033761882,-1.594343429008955,False,0.0
2008-05-20,1.0981486111111112,0.9751960674547984,Tuesday,1.0387262017904055,0.1979974610220779,0.3001170268242968,False,0.0
2008-05-21,0.9195222222222222,0.9788987526399836,Wednesday,1.0129176700443738,0.2004113210752104,-0.4660188222954834,False,0.0
2008-05-22,0.6783805555555555,0.9638337526399836,Thursday,0.9944752097269136,0.2266851145417115,-1.3944217502344851,False,0.0
2008-05-23,1.0311916666666667,0.9667871785659096,Friday,0.978065873015873,0.2178696225228477,0.2438421338212145,False,0.0
2008-05-24,1.0973444444444445,0.9792039378251688,Saturday,0.9703994047619048,0.2116244369887362,0.5998600232037303,False,0.0
2008-05-25,1.422572222222222,0.9972773174547984,Sunday,0.9946599206349206,0.2547314232990628,1.6798567528314658,False,0.0
2008-05-26,0.8956319444444445,1.006225095232576,Monday,1.0203988095238097,0.2296899883763066,-0.5431967930398283,False,0.0
2008-05-27,1.1865972222222223,1.0224394470844278,Tuesday,1.0330343253968253,0.2369965651891793,0.6479541030597532,False,0.0
2008-05-28,0.7738694444444445,1.0329792618992426,Wednesday,1.0122267857142857,0.2543799630039253,-0.9370130353630216,False,0.0
2008-05-29,0.7882472222222222,1.0135917618992427,Thursday,1.0279220238095237,0.2328247371758803,-1.0294215489922212,False,0.0
2008-05-30,0.9703083333333332,1.020432456343687,Friday,1.0192244047619048,0.2338173276200522,-0.2092063574862982,False,0.0
2008-05-31,1.1399097222222223,1.0450957896770203,Saturday,1.0253051587301587,0.2367229859424428,0.4841294267888658,False,0.0
2008-06-01,1.2839416666666668,1.0532232896770204,Sunday,1.0055007936507938,0.2010608804191917,1.384858518650429,False,0.0
2008-06-02,0.7458416666666666,1.0482328267140577,Monday,0.9841021825396826,0.2216225244672733,-1.0750735578242163,False,0.0
2008-06-03,1.1095944444444443,1.0511690767140576,Tuesday,0.9731017857142856,0.2115798768382008,0.6451117222009591,False,0.0
2008-06-04,1.1034111111111111,1.0563075026399835,Wednesday,1.0201791666666666,0.195946124225246,0.4247695368996778,False,0.0
2008-06-05,0.7778319444444445,1.0408005118992427,Thursday,1.01869126984127,0.1980292714052135,-1.2162814299506857,False,0.0
2008-06-06,0.8456347222222221,1.0417600026399836,Friday,1.000880753968254,0.2084389250271049,-0.7448034561003615,False,0.0
2008-06-07,1.3072805555555556,1.036338382269613,Saturday,1.024790873015873,0.2349576701761425,1.2023003221299662,False,0.0
2008-06-08,1.0710569444444444,1.0315941693066502,Sunday,0.9943787698412698,0.208061603067731,0.3685359214415611,False,0.0
2008-06-09,0.9206236111111112,1.0180888452325765,Monday,1.019347619047619,0.1821367672001574,-0.5420322840583632,False,0.0
2008-06-10,0.7410347222222222,1.0055001878251688,Tuesday,0.96669623015873,0.2036955283334999,-1.1078373186820485,False,0.0
2008-06-11,0.7800041666666666,0.9962178267140576,Wednesday,0.920495238095238,0.204194537880721,-0.6880256097282998,False,0.0
2008-06-12,0.8745361111111112,0.9911816693066504,Thursday,0.934310119047619,0.1960424806216238,-0.3049033441475163,False,0.0
2008-06-13,1.3024878387769283,0.9979251991177328,Friday,0.9995748499840056,0.2339768638217668,1.294627955282229,False,0.0
2008-06-14,0.96175,1.0030676065251405,Saturday,0.9502133420474976,0.1906843139842585,0.06050134754899,False,0.0
2008-06-15,1.5896541666666666,1.017854177959231,Sunday,1.0242986595078152,0.3093067511131095,1.8278149607931065,False,0.0
2008-06-16,0.9048916666666668,1.0096502427740457,Monday,1.0220512388728946,0.3102413457529525,-0.3776400979756029,False,0.0
2008-06-17,0.7951972222222222,0.9943985298110828,Tuesday,1.0297887388728946,0.3026470814837897,-0.7751322613141983,False,0.0
2008-06-18,1.3150055555555555,1.014383390922194,Wednesday,1.1062175087141644,0.2965463250978186,0.7040655343562947,False,0.0
2008-06-19,1.102834722222222,1.0145395946258975,Thursday,1.1388315960157516,0.2788451661136408,-0.1290926943264975,False,0.0
2008-06-20,1.1639611111111112,1.0226875575888603,Friday,1.1190420634920637,0.2700723691720869,0.1663222630169392,False,0.0
2008-06-21,1.2043430555555554,1.0402196409221938,Saturday,1.1536982142857144,0.2619677562970751,0.1933247128795846,False,0.0
2008-06-22,1.087788888888889,1.042106214996268,Sunday,1.0820031746031744,0.1779830646383048,0.0325071056477882,False,0.0
2008-06-23,0.8693027777777778,1.034504826107379,Monday,1.0769190476190478,0.1842823295580545,-1.1266206062142523,False,0.0
2008-06-24,1.2183694444444444,1.02769806684812,Tuesday,1.1373722222222222,0.1407235976089235,0.5755766879078567,False,0.0
2008-06-25,0.8762291666666666,1.0270513075888603,Wednesday,1.0746898809523808,0.1460350120965796,-1.3589940620161896,False,0.0
2008-06-26,0.7333472222222223,1.0119429742555273,Thursday,1.0219059523809524,0.1932946909596514,-1.492843537120035,False,0.0
2008-06-27,1.2188555555555556,1.0267758446258977,Friday,1.029748015873016,0.2009792765723251,0.9409305422317348,False,0.0
2008-06-28,0.8394444444444444,1.0284824186999717,Saturday,0.9776196428571428,0.1953912605402126,-0.7071718460215424,False,0.0
2008-06-29,0.5203833333333333,1.0134849186999717,Sunday,0.8965617063492063,0.2516616527046574,-1.4947782825591815,False,0.0
2008-06-30,0.5584694444444445,0.9941035761073792,Monday,0.8521569444444445,0.2827726922419383,-1.0385992284881704,False,0.0
2008-07-01,0.8439166666666666,0.9794360761073791,Tuesday,0.7986636904761905,0.2329835410307434,0.194232502391681,False,0.0
2008-07-02,0.7966680555555555,0.981130289070342,Wednesday,0.7872978174603175,0.2304963052211232,0.0406524438048968,False,0.0
2008-07-03,0.7627499999999999,0.9695688075888604,Thursday,0.7914982142857143,0.2296155139955413,-0.1252015327077273,False,0.0
2008-07-04,0.6541805555555555,0.9545944557370089,Friday,0.7108303571428571,0.133548009865605,-0.4241905337586884,False,0.0
2008-07-05,1.0202,0.962673390922194,Saturday,0.7366525793650794,0.1739304976037177,1.6302340563697653,False,0.0
2008-07-06,1.2535166666666666,0.9762694557370089,Sunday,0.8413859126984128,0.2327743929807161,1.7705158573967206,False,0.0
2008-07-07,0.6829097222222222,0.9554570946258976,Monday,0.8591630952380953,0.2113308171132202,-0.8340164270573258,False,0.0
2008-07-08,0.7820930555555555,0.945824964996268,Tuesday,0.8503311507936508,0.2133563530435424,-0.3198315600387539,False,0.0
2008-07-09,0.6384152777777777,0.9364180205518234,Wednesday,0.827723611111111,0.2278802696579602,-0.8307359545320795,False,0.0
2008-07-10,0.8689416666666667,0.9406815853666384,Thursday,0.8428938492063491,0.2263636119507017,0.1150706919537508,False,0.0
2008-07-11,0.8709833333333332,0.9437142242555272,Friday,0.8738656746031745,0.2105169997218421,-0.0136917269087522,False,0.0
2008-07-12,0.9228138888888888,0.9453234835147863,Saturday,0.859953373015873,0.2022917740029405,0.3107418291368686,False,0.0
2008-07-13,0.8718734353268428,0.9309696700664504,Sunday,0.8054329113958982,0.1079926136401557,0.6152321134881718,False,0.0
2008-07-14,0.7902263888888889,0.9252522163627468,Monday,0.8207638637768505,0.0944708661793942,-0.323247537817351,False,0.0
2008-07-15,0.8026805555555555,0.8990197626590428,Tuesday,0.8237049352054219,0.0933804874869589,-0.2251474608418865,False,0.0
2008-07-16,0.7479597222222222,0.8937886978442281,Wednesday,0.8393541415546283,0.0605671654508566,-1.5089763348189411,False,0.0
2008-07-17,0.9160569444444444,0.8978173552516355,Thursday,0.8460848955228822,0.0667096521883439,1.048904418269299,False,0.0
2008-07-18,0.8761,0.8831871700664503,Friday,0.8468158479038347,0.0670550773894462,0.4367178927568326,False,0.0
2008-07-19,0.9333430555555556,0.877537447844228,Saturday,0.8483200145705013,0.069129972070897,1.2299012778112788,False,0.0
2008-07-20,0.6538430555555556,0.8605335126590429,Sunday,0.8171728174603174,0.0992884744694044,-1.6450022298921676,False,0.0
2008-07-21,0.8031097222222223,0.8471590682145984,Monday,0.8190132936507936,0.098824049149179,-0.1609281502376423,False,0.0
2008-07-22,0.5140569444444444,0.8280346700664503,Tuesday,0.7777813492063492,0.1524402943397433,-1.7300176826879043,False,0.0
2008-07-23,0.6546041666666667,0.82087804969608,Wednesday,0.7644448412698414,0.1594085483828558,-0.689051344595193,False,0.0
2008-07-24,0.7593402777777778,0.8055770774738578,Thursday,0.7420567460317461,0.1449124740811178,0.1192687645119969,False,0.0
2008-07-25,0.6010652777777777,0.7964049478442281,Friday,0.7027660714285714,0.1397035261285294,-0.7279758533598308,False,0.0
2008-07-26,0.5664472222222222,0.7908416145108947,Saturday,0.6503523809523809,0.102704405675527,-0.8169577359245852,False,0.0
2008-07-27,0.7968027777777777,0.7767731885849688,Sunday,0.6707751984126984,0.1167654795455317,1.079322243659659,False,0.0
2008-07-28,0.573475,0.7679075404368206,Monday,0.637970238095238,0.1050609408472326,-0.6138840712365168,False,0.0
2008-07-29,0.8101097222222222,0.777565086733117,Tuesday,0.680263492063492,0.1064450328289893,1.219843018577827,False,0.0
2008-07-30,0.9027138888888888,0.7890399015479318,Wednesday,0.7157077380952381,0.1341733866522661,1.393764855010405,False,0.0
2008-07-31,0.967109722222222,0.793146336733117,Thursday,0.7453890873015874,0.1648975782030075,1.3445960658541118,False,0.0
2008-08-01,0.5135944444444445,0.7837105496960799,Friday,0.732893253968254,0.1802561331782483,-1.2165955502160548,False,0.0
2008-08-02,0.3512333333333333,0.7699933274738576,Saturday,0.7021484126984127,0.2259413411973505,-1.553124707083018,False,0.0
2008-08-03,0.3505430555555555,0.7598720774738577,Sunday,0.6383970238095238,0.2557714276518809,-1.125434419695047,False,0.0
2008-08-04,0.7824322446143156,0.7519464856276682,Monday,0.668248058754426,0.2591035265629925,0.4406894316512879,False,0.0
2008-08-05,0.5743875,0.7293088467387794,Tuesday,0.6345734555798229,0.2528356005719099,-0.2380438333987904,False,0.0
2008-08-06,0.2264666666666666,0.7140940782202608,Wednesday,0.5379667095480768,0.2623219589960935,-1.1874722347817213,False,0.0
2008-08-07,0.2325583333333333,0.6957762541461868,Thursday,0.433030796849664,0.2020340695474538,-0.992270580726206,False,0.0
2008-08-08,0.2098611111111111,0.6814911152572979,Friday,0.3896403206591879,0.214103427069741,-0.8396839415817309,False,0.0
2008-08-09,0.2492527777777777,0.6608348189610015,Saturday,0.3750716698655371,0.220525701947735,-0.5705407169164284,False,0.0
2008-08-10,0.2444666666666666,0.6399509300721127,Sunday,0.3599179000242672,0.2260671242776658,-0.510694483890538,False,0.0
2008-08-11,0.258275,0.6177996337758164,Monday,0.2850382936507936,0.1285834927595704,-0.2081394203596299,False,0.0
2008-08-12,0.2006833333333333,0.5954266303760327,Tuesday,0.2316519841269841,0.0209936397699567,-1.4751444310275756,False,0.0
2008-08-13,0.1962388888888888,0.5756270470426994,Wednesday,0.2273337301587301,0.0249702023773071,-1.245277903638467,False,0.0
2008-08-14,0.1876791666666666,0.5551270007464031,Thursday,0.2209224206349206,0.0288632399986716,-1.151750599370824,False,1.0
2008-08-15,0.1900375,0.5365295933389956,Friday,0.2180904761904761,0.0310212457524796,-0.904314946418092,False,0.0
2008-08-16,0.1908430555555555,0.5123557970426994,Saturday,0.2097462301587301,0.0290340430253427,-0.6510693184092468,False,0.0
2008-08-17,0.1908305555555555,0.4895134822278845,Sunday,0.2020839285714285,0.0251633725265943,-0.447212431639666,False,0.0
2008-08-18,0.1901097222222222,0.4647390377834401,Monday,0.1923460317460317,0.0044968612905949,-0.4973045373862638,False,0.0
2008-08-19,0.1907583333333333,0.4493028803760327,Tuesday,0.1909281746031745,0.002590641013029,-0.0655595541748502,False,0.0
2008-08-20,0.1864388888888888,0.4287471859315882,Wednesday,0.1895281746031745,0.0017558722974798,-1.7594022747096596,False,1.0
2008-08-21,0.1814569444444444,0.4176605192649216,Thursday,0.1886392857142856,0.0035283042876795,-2.035635445310428,False,1.0
2008-08-22,0.1855027777777778,0.4020238063019586,Friday,0.1879914682539682,0.0036432264430609,-0.6831006842658728,False,0.0
2008-08-23,0.1768347222222222,0.3826069544501067,Saturday,0.1859902777777777,0.0052906628777635,-1.7305119919917875,False,1.0
2008-08-24,0.1768861111111111,0.3684676488945512,Sunday,0.1839982142857142,0.0057681023042013,-1.2330057269308186,False,1.0
2008-08-25,0.1738180555555555,0.3553800100056623,Monday,0.1816708333333332,0.0061643357709368,-1.273904937949916,False,1.0
2008-08-26,0.1788638888888889,0.3347820470426993,Tuesday,0.1799716269841269,0.0047095537354942,-0.2352108410802102,False,1.0
2008-08-27,0.1792458333333333,0.3216410748204771,Wednesday,0.1789440476190476,0.0037503164920453,0.0804693990295988,False,1.0
2008-08-28,0.1862819444444444,0.3008468155612179,Thursday,0.1796333333333333,0.0046294981466081,1.4361407868760667,False,1.0
2008-08-29,0.185825,0.2769505192649216,Friday,0.179679365079365,0.0046986708069034,1.307951795985694,False,0.0
2008-08-30,0.1877944444444444,0.2509733433389957,Saturday,0.1812450396825396,0.0053707262929937,1.2194635147295867,False,0.0
2008-08-31,1.04281723419041,0.2686141029971945,Sunday,0.3049494858367252,0.3254077402040156,2.267517508621878,False,0.0
2008-09-01,0.8663263888888889,0.285783871515713,Monday,0.4038792477414871,0.3796445870914941,1.218105451444122,False,0.0
2008-09-02,0.9612180555555556,0.3061397048490464,Tuesday,0.5156441286938681,0.4157994287560549,1.0716078379297171,False,0.0
2008-09-03,0.964226388888889,0.3121995096581988,Wednesday,0.6277842080589474,0.4158063329170052,0.8091319304102453,False,0.0
2008-09-04,0.8508472222222222,0.3214148337322729,Thursday,0.7227221048843443,0.3717324012195669,0.3446702975514897,False,0.0
2008-09-05,0.6069166666666667,0.3340965003989395,Friday,0.7828780572652967,0.2969093848124856,-0.5926434110857062,False,0.0
2008-09-06,1.2976208333333334,0.3695985837322729,Saturday,0.9414246842494236,0.2096852742836168,1.6987179967732242,False,0.0
2008-09-07,0.9532333333333332,0.394377657806347,Sunday,0.928626984126984,0.205150356494555,0.1199429999869493,False,0.0
2008-09-08,0.9092527777777778,0.416377657806347,Monday,0.9347593253968256,0.2036135101352356,-0.1252694263858366,False,0.0
2008-09-09,0.8053152777777778,0.4350726115100506,Tuesday,0.9124875,0.2087000346088429,-0.5135227812639815,False,0.0
2008-09-10,0.9033083333333332,0.4565737226211617,Wednesday,0.9037849206349206,0.2074493620695552,-0.0022973669180414,False,0.0
2008-09-11,0.7143847222222222,0.4736971022507914,Thursday,0.8842902777777777,0.2193251674580597,-0.7746742315290632,False,0.0
2008-09-12,0.9671958333333333,0.4993956670656062,Friday,0.93575873015873,0.1825812030991324,0.1721814876941876,False,0.0
2008-09-13,1.1329416666666663,0.5309044170656062,Saturday,0.9122331349206348,0.1317055602898367,1.6757723156131834,False,0.0
2008-09-14,1.0946708333333333,0.5610588615100507,Sunday,0.932438492063492,0.1487855447721696,1.090377035741357,False,0.0
2008-09-15,1.178963888888889,0.5939962226211617,Monday,0.9709686507936508,0.1744840069125197,1.1920590418325263,False,0.0
2008-09-16,0.8485152777777778,0.6159190466952359,Tuesday,0.9771400793650792,0.1683028989979239,-0.764245906357728,False,0.0
2008-09-17,1.0550069444444443,0.6447489541026433,Wednesday,0.9988113095238094,0.1669729625346945,0.3365552965436443,False,0.0
2008-09-18,1.0453402777777778,0.6732350189174581,Thursday,1.0460906746031744,0.1102262174592706,-0.0068077889516062,False,0.0
2008-09-19,1.0547541666666669,0.7021788615100506,Friday,1.058599007936508,0.1046058996014459,-0.036755491654774,False,0.0
2008-09-20,0.9059722222222222,0.72632937076931,Saturday,1.0261748015873016,0.1125930475187384,-1.0675843847736202,False,0.0
2008-09-21,1.0646319444444443,0.7556336763248656,Sunday,1.0218835317460315,0.1100920119651199,0.3882971337825709,False,0.0
2008-09-22,0.9434472222222224,0.7811874263248655,Monday,0.9882382936507936,0.0878213226930676,-0.5100250150537403,False,0.0
2008-09-23,0.8561027777777778,0.803827981880421,Tuesday,0.9893222222222224,0.0858337126849553,-1.5520643378600456,False,0.0
2008-09-24,1.193298611111111,0.8378106670656061,Wednesday,1.0090781746031747,0.1145748360309336,1.607861227557849,False,0.0
2008-09-25,0.7855694444444444,0.8580341855841247,Thursday,0.9719680555555557,0.1400984440131983,-1.330483092971046,False,0.0
2008-09-26,0.9940625,0.8851947411396803,Friday,0.9632978174603174,0.1359373980744606,0.226315075729425,False,0.0
2008-09-27,1.4773930555555554,0.9282317781767174,Saturday,1.0449293650793652,0.2328216700136097,1.8574889976990128,False,0.0
2008-09-28,1.2021555555555556,0.9621094633619026,Sunday,1.064575595238095,0.2404390577635791,0.5722030422059851,False,0.0
2008-09-29,1.0428736111111112,0.9906121022507914,Monday,1.0787793650793651,0.2349653544713473,-0.1528129712954443,False,0.0
2008-09-30,0.954865277777778,0.9876803703703704,Tuesday,1.0928882936507935,0.221971737034449,-0.621804459058655,False,0.0
2008-10-01,1.3002527777777777,1.0021445833333331,Wednesday,1.1081674603174605,0.233421057011829,0.8229134077247501,False,0.0
2008-10-02,0.9342652777777778,1.0012461574074074,Thursday,1.129409722222222,0.2040940112424346,-0.9561497824286505,False,0.0
2008-10-03,1.1198472222222222,1.0064335185185185,Friday,1.147378968253968,0.1955498686492758,-0.1407914319856939,False,0.0
2008-10-04,1.4586777777777775,1.026694537037037,Saturday,1.1447053571428571,0.1903444773698996,1.6494958244823277,False,0.0
2008-10-05,1.0763541666666667,1.0423424537037038,Sunday,1.12673373015873,0.1899546545441742,-0.2652188945459484,False,0.0
2008-10-06,0.9887375,1.0320463425925923,Monday,1.119,0.1949736694163871,-0.6681030335527535,False,0.0
2008-10-07,1.1990055555555554,1.04023875,Tuesday,1.1538771825396823,0.1821328029404121,0.2477772937510737,False,0.0
2008-10-08,1.2920666666666667,1.0529992129629628,Wednesday,1.152707738095238,0.1810594252731226,0.7696861312865102,False,0.0
2008-10-09,1.3775569444444444,1.0720739351851851,Thursday,1.216035119047619,0.1690476509546478,0.9554810403142392,False,0.0
2008-10-10,1.0544013888888888,1.0771103703703704,Friday,1.206685714285714,0.1768823155863927,-0.8609358425231987,False,0.0
2008-10-11,1.1592958333333334,1.0919407407407409,Saturday,1.163916865079365,0.1376382341017391,-0.033573750609266,False,0.0
2008-10-12,1.3249583333333337,1.1038661574074071,Sunday,1.199431746031746,0.1432385433932492,0.8763464381019641,False,0.0
2008-10-13,1.015261111111111,1.0999434722222223,Monday,1.2032208333333334,0.1369488584950899,-1.372481116583833,False,0.0
2008-10-14,1.1174,1.1007011111111111,Tuesday,1.1915628968253968,0.1407870931232521,-0.5267734078469177,False,0.0
2008-10-15,1.4978444444444443,1.111330462962963,Wednesday,1.2209597222222222,0.1810083786257342,1.5296790365418862,False,0.0
2008-10-16,1.0997777777777775,1.1197058796296298,Thursday,1.181276984126984,0.1711351972996677,-0.4762270277253178,False,0.0
2008-10-17,1.296448611111111,1.1277539351851853,Friday,1.2158551587301587,0.1655903934470602,0.4867036710479124,False,0.0
2008-10-18,1.5549930555555556,1.1447423611111112,Saturday,1.2723833333333334,0.2057379338372618,1.373639352506406,False,0.0
2008-10-19,1.3693986111111112,1.1552305092592592,Sunday,1.2787319444444445,0.2083003776495902,0.4352688539969386,False,0.0
2008-10-20,1.158023611111111,1.1636322222222222,Monday,1.2991265873015874,0.1837463448578085,-0.7679226288809626,False,0.0
2008-10-21,1.433136111111111,1.1759156944444444,Tuesday,1.344231746031746,0.1699357663072,0.5231645286410684,False,0.0
2008-10-22,1.1430625,1.1825695370370368,Wednesday,1.2935486111111112,0.1693909340845213,-0.8883953083110264,False,0.0
2008-10-23,1.2711763888888887,1.196405324074074,Thursday,1.318034126984127,0.1477138722686823,-0.3172196177350687,False,0.0
2008-10-24,1.4814069444444444,1.206008935185185,Friday,1.344456746031746,0.1592974093594118,0.8597139084899181,False,0.0
2008-10-25,1.0903049391553328,1.216166785008881,Saturday,1.2780727294031426,0.1536629034803859,-1.221946130100146,False,0.0
2008-10-26,0.363536111111111,1.1951492387125853,Sunday,1.1343780865459998,0.3708489099940232,-2.078587679945755,False,0.0
2008-10-27,0.3638138888888889,1.1580299331570294,Monday,1.020919554799968,0.4705092431185178,-1.3965839683739416,False,0.0
2008-10-28,0.9217291666666666,1.1486823868607332,Tuesday,0.9478614198793331,0.4341327549291439,-0.0601941524014509,False,0.0
2008-10-29,1.1198444444444444,1.1512480813051778,Wednesday,0.944544554799968,0.4324783580933684,0.4053379466600512,False,0.0
2008-10-30,0.7629166666666666,1.1448497942681406,Thursday,0.8719360230539364,0.4106136716034681,-0.2655034742548718,False,0.0
2008-10-31,0.892938888888889,1.1312726646385112,Friday,0.7878691579745712,0.3138835175583628,0.3347411540804504,False,0.0
2008-11-01,0.5767347222222222,1.119354979453326,Saturday,0.7145019841269841,0.2905650611028558,-0.4741356768148881,False,0.0
2008-11-02,0.6323708333333333,1.103105766490363,Sunday,0.7529069444444445,0.2515989611373071,-0.4790803211835602,False,0.0
2008-11-03,0.5886111111111111,1.0741035442681406,Monday,0.7850208333333333,0.2033850311701073,-0.9657039217303504,False,0.0
2008-11-04,1.0849416666666667,1.0743897942681406,Tuesday,0.8083369047619049,0.2293653159557698,1.2059572335605506,False,0.0
2008-11-05,2.177034722222222,1.1139997016755483,Wednesday,0.9593640873015872,0.5674919952682717,2.1457053933333508,False,0.0
2008-11-06,1.1030819444444444,1.1108022479718442,Thursday,1.007959126984127,0.5624079000714652,0.1691349240439725,False,0.0
2008-11-07,1.1244333333333334,1.1052144701940667,Friday,1.041029761904762,0.5613223663356002,0.1485840872029435,False,0.0
2008-11-08,1.2035680555555557,1.0994148405644368,Saturday,1.130577380952381,0.5236433541672239,0.1393900524513587,False,0.0
2008-11-09,1.7906513888888889,1.1239565072311035,Sunday,1.2960460317460318,0.5229791240695908,0.9457458899966374,False,0.0
2008-11-10,1.4587726638772665,1.1339390682492347,Monday,1.4203548249983395,0.4200972194202393,0.0914498766070052,False,0.0
2008-11-11,1.7055208333333332,1.1466244849159013,Tuesday,1.5090089916650062,0.4026352317842742,0.488064198449516,False,0.0
2008-11-12,1.5205104311543811,1.1634661289173436,Wednesday,1.4152198072267432,0.2783851671828448,0.3782192312655885,False,0.0
2008-11-13,0.8600416666666667,1.1548875178062328,Thursday,1.380499767544204,0.3335026641895248,-1.5605815388082425,False,0.0
2008-11-14,1.1262069444444445,1.1424996011395658,Friday,1.3807531405600766,0.3332762952602653,-0.763769280130918,False,0.0
2008-11-15,2.105297222222222,1.176016915954381,Saturday,1.509571592941029,0.4171028550412277,1.4282463475880784,False,0.0
2008-11-16,1.642661111111111,1.1875573326210476,Sunday,1.4884301246870606,0.4040270177637423,0.381734338653159,False,0.0
2008-11-17,1.0580805555555557,1.1709935826210476,Monday,1.4311883949268165,0.4360450786686231,-0.8556634568849427,False,0.0
2008-11-18,1.2146180555555557,1.1658342307691956,Tuesday,1.361059426672848,0.4238769050092864,-0.3454808917086058,False,0.0
2008-11-19,1.2779430555555555,1.1698315455840105,Wednesday,1.3264069444444446,0.4185506600653655,-0.1157897800981138,False,0.0
2008-11-20,1.1752333333333334,1.1612347863247512,Thursday,1.3714343253968253,0.3746715369001077,-0.5236613212916723,False,0.0
2008-11-21,1.162451388888889,1.1618810826210473,Friday,1.376612103174603,0.3709497488614498,-0.5773307973466328,False,0.0
2008-11-22,1.18845,1.1591235363247512,Saturday,1.2456339285714289,0.1870642919226908,-0.3056913106380644,False,0.0
2008-11-23,2.36645170257123,1.1886250282623108,Sunday,1.3490325844943027,0.4534536397448473,2.2437114379529874,False,0.0
2008-11-24,2.231248611111111,1.2266564839941698,Monday,1.5166280210022391,0.5370840471929685,1.3305563511777818,False,0.0
2008-11-25,1.8769791666666664,1.277104585846022,Tuesday,1.6112510368752553,0.5333422862035999,0.4982318797238049,False,0.0
2008-11-26,1.0527458333333333,1.30006898399417,Wednesday,1.5790800051292233,0.562777781855926,-0.935243338960802,False,0.0
2008-11-27,1.6404291666666666,1.3240256506608366,Thursday,1.6455365527482708,0.5338647248686831,-0.0095668169176386,False,0.0
2008-11-28,1.3096972222222223,1.3303540765867623,Friday,1.6665716717958898,0.5141965761438573,-0.6940428352323847,False,0.0
2008-11-29,1.6907416666666668,1.3612815765867623,Saturday,1.7383276241768424,0.4694553852080208,-0.1013641743380784,False,0.0
2008-11-30,1.6676305555555555,1.3871046321423182,Sunday,1.6384960317460318,0.3792589137442501,0.0768196151855519,False,0.0
2008-12-01,1.1225958333333332,1.4053000025126885,Monday,1.4801170634920635,0.3168159437298936,-1.1284824429907498,False,0.0
2008-12-02,1.2454472222222222,1.4257358821423185,Tuesday,1.3898982142857144,0.2716702576683102,-0.5317144147588524,False,0.0
2008-12-03,1.218863888888889,1.446744308068244,Wednesday,1.413629365079365,0.2430593937242319,-0.8013081626108688,False,0.0
2008-12-04,1.2073874999999998,1.4508258358460218,Thursday,1.3517662698412696,0.2304978207814048,-0.6263780254052508,False,0.0
2008-12-05,1.4295958333333334,1.425911206216392,Friday,1.368894642857143,0.231304071285849,0.2624302725790557,False,0.0
2008-12-06,1.7526638888888888,1.447563937697874,Saturday,1.3777406746031746,0.2463584792809111,1.5218604018829274,False,0.0
2008-12-07,1.7130138888888888,1.4671832895497257,Sunday,1.384224007936508,0.2556797318726202,1.2859442496450368,False,0.0
2008-12-08,1.297663888888889,1.4703198173275032,Monday,1.40923373015873,0.2334158309279276,-0.4779874648017805,False,0.0
2008-12-09,1.3910722222222225,1.4570005117719478,Tuesday,1.4300373015873016,0.2226252459724845,-0.1750254298198282,False,0.0
2008-12-10,1.540890510948905,1.4597377733410026,Wednesday,1.4760411047387323,0.2042269062138807,0.3175360554218939,False,0.0
2008-12-11,0.9948069444444444,1.4360473103780396,Thursday,1.4456724539450818,0.2592320544634369,-1.7392351822919692,False,0.0
2008-12-12,1.2607875,1.42738987933956,Friday,1.421556977754605,0.2686573541054767,-0.5984183023386963,False,0.0
2008-12-13,1.2677597222222223,1.440980481191412,Saturday,1.352284953945082,0.2285797306993301,-0.3697844575468617,False,0.0
2008-12-14,1.390361111111111,1.449785620080301,Sunday,1.306191699976828,0.1682975898662024,0.5001224984932829,False,0.0
2008-12-15,1.2468402777777778,1.4211703885988194,Monday,1.298931184103812,0.1698162411984088,-0.3067486711425471,False,0.0
2008-12-16,1.2479791666666666,1.4080143237840046,Tuesday,1.2784893190244466,0.1654319512107889,-0.1844272048686941,False,0.0
2008-12-17,1.4574902777777778,1.421327981191412,Wednesday,1.266575,0.145143425396499,1.3153560159975584,False,0.0
2008-12-18,1.206208333333333,1.4210476571173378,Thursday,1.2967751984126985,0.0911057793170543,-0.9940847414760184,False,0.0
2008-12-19,1.3070222222222223,1.4220169626728931,Friday,1.3033801587301588,0.089727445359219,0.0405902951709225,False,0.0
2008-12-20,1.558375260597637,1.43478836024837,Saturday,1.3448966642123608,0.1290958504312224,1.6536441386162906,False,0.0
2008-12-21,1.8358402777777776,1.4572346565446666,Sunday,1.4085365451647418,0.2275239204372405,1.8780606970549365,False,0.0
2008-12-22,1.3998666666666666,1.4642818787668888,Monday,1.4303974578631544,0.2164820984150236,-0.1410314821411072,False,0.0
2008-12-23,1.2486722222222222,1.427022562755255,Tuesday,1.4304964657996622,0.2163849013882196,-0.8402815649841768,False,0.0
2008-12-24,0.8816930555555555,1.38203737757007,Wednesday,1.3482397197679163,0.2983364612393951,-1.5638271710878413,False,0.0
2008-12-25,0.7368874999999999,1.3440343220145143,Thursday,1.281193886434583,0.3777434050031344,-1.4409421295656153,False,0.0
2008-12-26,0.8498138888888889,1.337269923866366,Friday,1.215878410244107,0.4106294557309172,-0.8914716571017197,False,0.0
2008-12-27,2.064002777777778,1.351389044236737,Saturday,1.2881109126984127,0.5127031969391644,1.5133353365288844,False,0.0
2008-12-28,1.0907236111111112,1.3440899238663662,Sunday,1.1816656746031746,0.4540241508582715,-0.2003022599572065,False,0.0
2008-12-29,0.3856097222222222,1.3005855257182182,Monday,1.0367718253968257,0.5285138583793672,-1.2320624953361194,False,0.0
2008-12-30,0.8300263888888889,1.272665386829329,Tuesday,0.9769652777777778,0.5242082166419506,-0.2803063443571552,False,0.0
2008-12-31,1.3640194444444445,1.280712840533033,Wednesday,1.0458690476190478,0.5410276566387499,0.5880483057039526,False,0.0
2009-01-01,0.9768694444444443,1.2717602479404404,Thursday,1.0801521825396827,0.5255678780419942,-0.1965164585020277,False,0.0
2009-01-02,1.616326388888889,1.2850089979404402,Friday,1.1896539682539682,0.5489113664164899,0.7773065867089014,False,0.0
2009-01-03,1.3288166666666668,1.2890566368293292,Saturday,1.084627380952381,0.4052753090430386,0.6025269249461084,False,0.0
2009-01-04,1.3472180555555555,1.286310710903403,Sunday,1.1212694444444444,0.4173341325938745,0.5414093731245108,False,0.0
2009-01-05,1.113888888888889,1.2650182109034032,Monday,1.2253093253968252,0.267112909106312,-0.4171286100724938,False,0.0
2009-01-06,1.1735152777777778,1.247034923866366,Tuesday,1.2743791666666666,0.2072337309602035,-0.4867155960641292,False,0.0
2009-01-07,1.4446333333333332,1.2519339053478478,Wednesday,1.2858954365079367,0.2151347043350597,0.7378535105064755,False,0.0
2009-01-08,1.134215277777778,1.2433720071996994,Thursday,1.3083734126984126,0.1833351379951684,-0.9499441123240884,False,0.0
2009-01-09,1.242154166666667,1.233414129056958,Friday,1.254920238095238,0.1233017280337029,-0.103535219109676,False,0.0
2009-01-10,1.4603805555555556,1.2489332494273286,Saturday,1.273715079365079,0.1446262045777296,1.2906753429331168,False,0.0
2009-01-11,1.3722138888888888,1.2526474623902917,Sunday,1.2772859126984126,0.1470320295702292,0.6456278707975954,False,0.0
2009-01-12,1.1036652777777778,1.2471776475754768,Monday,1.2758253968253968,0.1489637047803768,-1.155718564474759,False,0.0
2009-01-13,1.5156944444444445,1.2513554253532544,Tuesday,1.324708134920635,0.165067792644764,1.157017407598244,False,0.0
2009-01-14,1.2343863794301595,1.250940295408334,Wednesday,1.2946728557916105,0.1586113685320907,-0.3800892516052748,False,0.0
2009-01-15,1.0861583333333331,1.245546267630556,Thursday,1.287807578013832,0.1675047983526204,-1.2038416013372932,False,0.0
2009-01-16,1.921218055555556,1.2610038602231486,Friday,1.3848167049979594,0.2891355935921632,1.8551896149950025,False,0.0
2009-01-17,2.304041666666667,1.2975983046675934,Saturday,1.5053397208709751,0.4544557921384672,1.757490958663669,False,0.0
2009-01-18,2.1904125,1.327044647260186,Sunday,1.622225236743991,0.5156140450740174,1.1019623470001565,False,0.0
2009-01-19,1.1804625,1.3144475552402646,Monday,1.6331962684900228,0.5034140775139021,-0.8993267942085316,False,0.0
2009-01-20,1.206963888888889,1.2934850089439685,Tuesday,1.589091903410658,0.5283315559804072,-0.7232731230915533,False,0.0
2009-01-21,1.2079402777777777,1.287087462647672,Wednesday,1.585313888888889,0.5313765202271501,-0.7101811930828135,False,0.0
2009-01-22,0.859275,1.2741075552402643,Thursday,1.5529019841269842,0.5722453605516405,-1.2121146486156438,False,0.0
2009-01-23,1.326761111111111,1.2889431570921166,Friday,1.4679795634920634,0.552236175219686,-0.2557211184594598,False,0.0
2009-01-24,1.5283125,1.31532399042545,Saturday,1.357161111111111,0.4180238981353759,0.4094296753183762,False,0.0
2009-01-25,1.9747666666666668,1.3528224163513758,Sunday,1.3263545634920637,0.348556384249895,1.860278946173968,False,0.0
2009-01-26,1.1628277777777778,1.322783249684709,Monday,1.3238353174603172,0.3498479210695835,-0.4602215133658479,False,0.0
2009-01-27,0.9896041666666666,1.319412601536561,Tuesday,1.2927839285714284,0.3709590312827181,-0.8172863748765296,False,0.0
2009-01-28,1.8900930555555555,1.3695620459810054,Wednesday,1.3902343253968257,0.4298773675033824,1.1627937824728514,False,0.0
2009-01-29,1.0928458333333333,1.3783226941291535,Thursday,1.423601587301587,0.3889078291332081,-0.8504733749007758,False,0.0
2009-01-30,1.4298875,1.3805182959810054,Friday,1.4383339285714285,0.3865742574377407,-0.0218494336053632,False,0.0
2009-01-31,2.3005916666666666,1.4246423700550792,Saturday,1.5486595238095238,0.5077446937056642,1.4809256545239884,False,0.0
2009-02-01,1.289201141226819,1.4137381951330104,Sunday,1.4507215916038312,0.4770458624114005,-0.3385847422730988,False,0.0
2009-02-02,1.1134027777777775,1.406557732170047,Monday,1.4436608773181168,0.4823533779607981,-0.684680805878341,False,0.0
2009-02-03,1.2974930555555555,1.4049002321700472,Tuesday,1.487645004302244,0.4467743649439579,-0.4256106967340003,False,0.0
2009-02-04,1.708975,1.424736435873751,Wednesday,1.461770996365736,0.4242601957245798,0.5826707433914994,False,0.0
2009-02-05,1.1452,1.4237925932811588,Thursday,1.4692501630324026,0.4170731623150523,-0.7769623948798192,False,0.0
2009-02-06,1.4224972222222223,1.4230547229107882,Friday,1.4681944090641486,0.4171987440575486,-0.1095333758617997,False,0.0
2009-02-07,2.1746777777777777,1.4577368062441214,Saturday,1.4502067106514502,0.3760091769723707,1.9267377274133972,False,0.0
2009-02-08,1.5158791666666669,1.4668609729107882,Sunday,1.4825892857142855,0.3695373384210894,0.0900852971843603,False,0.0
2009-02-09,1.1851652777777777,1.4576871303181955,Monday,1.4928410714285716,0.3584163630952131,-0.8584312138925978,False,0.0
2009-02-10,1.349876388888889,1.4569425469848625,Tuesday,1.5003244047619049,0.3541797536115669,-0.4247787016025032,False,0.0
2009-02-11,1.832909722222222,1.4812506951330104,Wednesday,1.5180293650793648,0.369130385809714,0.8530328828176647,False,0.0
2009-02-12,1.367125,1.4762983803181955,Thursday,1.5497329365079364,0.3401661425473852,-0.536819846738566,False,0.0
2009-02-13,1.173626388888889,1.474273047300153,Friday,1.5141799603174602,0.3675815411972167,-0.9264708187451004,False,0.0
2009-02-14,1.6221098748261475,1.4921380986832469,Saturday,1.4352416884672274,0.2389106809425606,0.7821675683216829,False,0.0
2009-02-15,1.1014111111111111,1.4648112005350988,Sunday,1.3760319662450051,0.2654774924102959,-1.0344411974084304,False,0.0
2009-02-16,0.9159680555555556,1.4185420801647284,Monday,1.337575220213259,0.3129819094356,-1.3470656033059134,False,0.0
2009-02-17,0.5520466101694915,1.3639298838370448,Tuesday,1.2235995375390594,0.4308357650278668,-1.558721401242377,False,0.0
2009-02-18,0.5739236111111111,1.343711920874082,Wednesday,1.043744378808901,0.3954114945073705,-1.1881818667996065,False,0.0
2009-02-19,0.5119916666666667,1.3205461801333411,Thursday,0.921582474046996,0.4106544986998596,-0.9974097658179858,False,0.0
2009-02-20,1.3060666666666667,1.3238170597629708,Friday,0.9405025137295356,0.4269306906803977,0.8562611236838767,False,0.0
2009-02-21,0.9140166666666668,1.325641781985193,Saturday,0.8393463411353242,0.3049873752811282,0.2448308736140756,False,0.0
2009-02-22,1.5544986111111112,1.3332330319851928,Sunday,0.90407312684961,0.4023973414739814,1.616376196420664,False,0.0
2009-02-23,1.898372222222222,1.345568356059267,Monday,1.0444165792305622,0.5510833167344737,1.54959443891697,False,0.0
2009-02-24,1.2382944444444444,1.3210192819851931,Tuesday,1.1424519841269842,0.5082717101106232,0.188565403918704,False,0.0
2009-02-25,0.8123916666666667,1.3093380782814892,Wednesday,1.1765188492063492,0.4703956191257603,-0.7740871039922101,False,0.0
2009-02-26,0.8033694444444445,1.303130254207415,Thursday,1.218144246031746,0.4109232729010321,-1.0093728657884924,False,0.0
2009-02-27,1.4089708333333333,1.2870928468000078,Friday,1.2328448412698414,0.41639710596548,0.4229760234647092,False,0.0
2009-02-28,1.1324652777777775,1.2884134949481558,Saturday,1.2640517857142857,0.3962168676608214,-0.3321072843601192,False,0.0
2009-03-01,1.7148200138985408,1.2979112454114408,Sunday,1.2869548432553473,0.4197395271986925,1.0193587759025955,False,0.0
2009-03-02,1.0260013888888888,1.255424902818848,Monday,1.1623304384934423,0.3272701285801336,-0.4165642926105701,False,0.0
2009-03-03,1.2839944444444444,1.2552513462594357,Tuesday,1.1688590099220135,0.3294863848463694,0.349439126524501,False,0.0
2009-03-04,1.2792569444444446,1.260779818481658,Wednesday,1.2355540496045534,0.2902150942853373,0.1505879456322242,False,0.0
2009-03-05,1.0012583333333334,1.250905327740917,Thursday,1.2638238908743946,0.2476104022969598,-1.0603979279762472,False,0.0
2009-03-06,1.238523611111111,1.235223614777954,Friday,1.2394742876997913,0.2391957409673687,-0.003974471221082,False,0.0
2009-03-07,1.1781013888888887,1.236320327740917,Saturday,1.2459937321442358,0.2363986031383172,-0.2871943503643427,False,0.0
2009-03-08,1.6369208333333334,1.243467781444621,Sunday,1.234865277777778,0.2111337711416332,1.904269285683566,False,0.0
2009-03-09,1.170525,1.2099960221853616,Monday,1.2555115079365078,0.1936476591748038,-0.4388718577785196,False,0.0
2009-03-10,1.2751458333333334,1.201971577740917,Tuesday,1.2542474206349206,0.1934595302503071,0.1080247257468965,False,0.0
2009-03-11,1.6707666666666667,1.21815829070388,Wednesday,1.310177380952381,0.250175012699078,1.4413481259538066,False,0.0
2009-03-12,1.3105972222222222,1.2168489851483246,Thursday,1.354368650793651,0.2107227016117974,-0.2077205172324832,False,0.0
2009-03-13,1.0038333333333334,1.189213105518695,Friday,1.3208414682539684,0.2476593001255487,-1.2800170829842874,False,0.0
2009-03-14,1.4923805555555554,1.1933882907038802,Saturday,1.3657384920634923,0.2459510461516347,0.5149076024420941,False,0.0
2009-03-15,1.3486541666666665,1.1992225499631393,Sunday,1.3245575396825395,0.2151869027547748,0.1119799889103254,False,0.0
2009-03-16,0.9275413481584434,1.1760702657408824,Monday,1.2898455894194605,0.2592597845523986,-1.397456384863238,False,0.0
2009-03-17,1.3416041666666667,1.1840767009260678,Tuesday,1.2993396370385075,0.2598479440702617,0.1626510064544933,False,0.0
2009-03-18,1.0074166666666666,1.1871249879631047,Wednesday,1.204575351324222,0.2196682413660053,-0.8975293079760891,False,0.0
2009-03-19,0.8274527777777777,1.1963051935500475,Thursday,1.135554716403587,0.2540205633554923,-1.2129015641723155,False,0.0
2009-03-20,1.016601388888889,1.2110611194759735,Friday,1.137378724340095,0.252960722240582,-0.4774548964812766,False,0.0
2009-03-21,1.3402930555555554,1.2386711657722698,Saturday,1.1156519386258092,0.2220278943071595,1.0117697941996937,False,0.0
2009-03-22,1.1730347222222224,1.2342367676241215,Sunday,1.0905634465623173,0.2001562030206897,0.412034573074811,False,0.0
2009-03-23,0.9003125000000001,1.2337799620685663,Monday,1.086673611111111,0.2040785535061399,-0.913183222388452,False,0.0
2009-03-24,1.1539666666666666,1.2204288972537511,Tuesday,1.059868253968254,0.1753080208167881,0.53676045317261,False,0.0
2009-03-25,1.2769263888888889,1.1997140361426404,Wednesday,1.0983696428571428,0.1907808425376924,0.9359259748340232,False,0.0
2009-03-26,0.8409749999999999,1.1864700546611584,Thursday,1.1003013888888888,0.1876228096316107,-1.3821687746711877,False,0.0
2009-03-27,1.1902263888888889,1.1990645454018996,Friday,1.12510496031746,0.1861845892745835,0.3497680921130815,False,0.0
2009-03-28,1.5701222222222222,1.2246229713278254,Saturday,1.1579376984126986,0.2422728262122651,1.7013237937315835,False,0.0
2009-03-29,1.5393402777777778,1.2289686194759737,Sunday,1.2102670634920634,0.28232611291331,1.165578383416338,False,0.0
2009-03-30,1.0260083333333334,1.2254200546611589,Monday,1.2282236111111111,0.2626374526445852,-0.769940751943806,False,0.0
2009-03-31,1.2663069444444444,1.210469619012689,Tuesday,1.244272222222222,0.2607693521866924,0.0844988954317264,False,0.0
2009-04-01,1.1396805555555556,1.2142589245682445,Wednesday,1.2246656746031748,0.2630545366167297,-0.3230703417650707,False,0.0
2009-04-02,1.1418986111111111,1.2095223967904665,Thursday,1.2676547619047618,0.2089184677652783,-0.6019388909885113,False,0.0
2009-04-03,0.9467083333333334,1.198437443086763,Friday,1.2328664682539685,0.2416683114240407,-1.1840945684373598,False,0.0
2009-04-04,1.5216888888888889,1.2157851282719483,Saturday,1.2259474206349206,0.2308546696576007,1.2810720644837137,False,0.0
2009-04-05,0.9553583333333332,1.2063462856793556,Sunday,1.142521428571429,0.2025040613635594,-0.9242436619682306,False,0.0
2009-04-06,1.0087736111111112,1.2007020264200965,Monday,1.1400593253968254,0.2042539729770911,-0.642757212367365,False,0.0
2009-04-07,1.0000638888888889,1.179473461605281,Tuesday,1.1020246031746033,0.2015985669293317,-0.5057611065333399,False,0.0
2009-04-08,1.0656944444444445,1.1759791097534298,Wednesday,1.0914551587301589,0.2012344448317078,-0.1280134437583884,False,0.0
2009-04-09,1.3128277777777777,1.1772351745682446,Thursday,1.1158736111111112,0.2180440626645147,0.903276907703296,False,0.0
2009-04-10,1.2792458333333334,1.1641844801238002,Friday,1.163378968253968,0.2111616910753394,0.5487115796871775,False,0.0
2009-04-11,1.7100319444444445,1.1774989708645407,Saturday,1.1902851190476191,0.2686110723597626,1.934941924883519,False,0.0
2009-04-12,1.486813888888889,1.1935983227163924,Sunday,1.2662073412698411,0.2662395159353626,0.8286018205975352,False,0.0
2009-04-13,1.1116995827538247,1.180908956956335,Monday,1.2809110515045146,0.2521203440913772,-0.6711535689851419,False,0.0
2009-04-14,1.0427347222222223,1.17071164214152,Tuesday,1.287006884837848,0.244601965180669,-0.9986516765521498,False,0.0
2009-04-15,0.8444875,1.1679431805362386,Wednesday,1.255405892774356,0.2883385102647224,-1.425124907516146,False,0.0
2009-04-16,1.086475,1.159438874980683,Thursday,1.223069781663245,0.2934721974604921,-0.465443687154159,False,0.0
2009-04-17,1.4186180555555554,1.173145587943646,Friday,1.2429800991235622,0.3025073050206578,0.5806073225901078,False,0.0
2009-04-18,1.0501847222222225,1.1805699860917942,Saturday,1.1487162102346733,0.2257937419574402,-0.4363782944481383,False,0.0
2009-04-19,0.8933805555555556,1.176462624980683,Sunday,1.063940019758483,0.1855056703447433,-0.9194299230096848,False,0.0
2009-04-20,1.0322986111111112,1.1661961434992016,Monday,1.052597023809524,0.1845235668617574,-0.1100044457390096,False,0.0
2009-04-21,1.3156930555555555,1.1709514212769792,Tuesday,1.0915910714285717,0.2092734204512552,1.0708573675708748,False,0.0
2009-04-22,1.0390263888888889,1.1755752175732757,Wednesday,1.1193823412698414,0.1821485543570676,-0.4411561357957854,False,0.0
2009-04-23,0.7926805555555556,1.1635323472029055,Thursday,1.0774117063492064,0.2207521232197561,-1.2898229318963528,False,0.0
2009-04-24,0.8292,1.1486081342399423,Friday,0.9932091269841272,0.1769867025438701,-0.9266748553805828,False,0.0
2009-04-25,1.404363888888889,1.1673877638695722,Saturday,1.043806150793651,0.2365823906238127,1.5240260999330135,False,0.0
2009-04-26,1.2372402777777778,1.1689548934992016,Sunday,1.0929289682539685,0.2358406625712822,0.6119017303904987,False,0.0
2009-04-27,0.9386305555555556,1.1479051712769794,Monday,1.0795478174603177,0.2424195682112629,-0.5812949133790875,False,0.0
2009-04-28,1.1849902777777777,1.1360935046103129,Tuesday,1.060875992063492,0.2256533336143469,0.5500219461698859,False,0.0
2009-04-29,1.156027777777778,1.1404274860917942,Wednesday,1.0775904761904762,0.2280852914795683,0.3438946066117912,False,0.0
2009-04-30,1.2741402777777775,1.1406885972029055,Thursday,1.1463704365079366,0.1985282440757607,0.6435852080628004,False,0.0
2009-05-01,1.0505569444444445,1.1377178101658685,Friday,1.1779928571428573,0.1516927152908757,-0.8400925018320772,False,0.0
2009-05-02,0.9679930555555556,1.1319209583140164,Saturday,1.1156541666666666,0.1314770991306413,-1.123093771367655,False,0.0
2009-05-03,1.1172763888888888,1.1376065601658685,Sunday,1.0985164682539683,0.1203335017195082,0.1558993993098362,False,0.0
2009-05-04,1.158251388888889,1.1254919768325349,Monday,1.129890873015873,0.0983151332545696,0.2884654166066326,False,0.0
2009-05-05,1.2024125,1.1337271157214237,Tuesday,1.132379761904762,0.1001459539548675,0.6993067151449728,False,0.0
2009-05-06,0.9374319444444444,1.1313490601658682,Wednesday,1.1011517857142858,0.1230138135605935,-1.3309061521712529,False,0.0
2009-05-07,0.7032277777777778,1.121454523128831,Thursday,1.0195928571428572,0.169631893550977,-1.865009419764608,False,0.0
2009-05-08,1.289691666666667,1.1289210972029051,Friday,1.0537549603174603,0.1985258685951336,1.1884431385129326,False,0.0
2009-05-09,0.8759388888888889,1.1143581342399422,Saturday,1.0406043650793653,0.2079775656462337,-0.791746338980472,False,0.0
2009-05-10,1.366610145934677,1.1172702779933203,Sunday,1.0762234732287634,0.2418843148874149,1.2005188217395326,False,0.0
2009-05-11,1.0535944444444445,1.0953890279933205,Monday,1.0612724811652714,0.2391885238264729,-0.0321003558113732,False,0.0
2009-05-12,1.1291361111111111,1.0834664354007275,Tuesday,1.0508044256097158,0.2335183096406939,0.3354413006068837,False,0.0
2009-05-13,0.8655541666666666,1.0752615881978225,Wednesday,1.0405361716414618,0.2408011230942396,-0.7266660666956875,False,0.0
2009-05-14,1.115961111111111,1.0777024678274525,Thursday,1.0994980764033666,0.1895114379713098,0.0868709291849534,False,0.0
2009-05-15,0.9876569444444444,1.0824747826422672,Friday,1.0563502589430491,0.1726220383241994,-0.3979405825899969,False,0.0
2009-05-16,1.3940125,1.0927260326422672,Saturday,1.130360774816065,0.1923169432921699,1.370923022540935,False,0.0
2009-05-17,1.0720583333333331,1.0811740419015263,Sunday,1.0882819444444445,0.1618156634539564,-0.1002598312475954,False,0.0
2009-05-18,0.8402124999999999,1.0741749678274524,Monday,1.0577988095238096,0.1874995687296651,-1.1604629866510427,False,0.0
2009-05-19,1.1231555555555557,1.081834134494119,Tuesday,1.0569444444444442,0.1871336036628826,0.3538173252431423,False,0.0
2009-05-20,0.907751388888889,1.0776825604200446,Wednesday,1.062972619047619,0.1805029412936553,-0.859937400721935,False,0.0
2009-05-21,1.0938541666666668,1.0702879307904152,Thursday,1.0598144841269843,0.1796125199203881,0.1895173151335458,False,0.0
2009-05-22,0.7463930555555556,1.0605334863459708,Friday,1.0253482142857142,0.2153581354125534,-1.2953081999701326,False,0.0
2009-05-23,1.0629152777777775,1.0695413104200449,Saturday,0.9780486111111112,0.1461231902682902,0.5807884875141759,False,0.0
2009-05-24,0.8942958333333334,1.071711171531156,Sunday,0.9526539682539684,0.142463097629643,-0.409636852571792,False,0.0
2009-05-25,0.9403444444444444,1.056243856716341,Monday,0.9669585317460316,0.1340711887728673,-0.1985071330028614,False,0.0
2009-05-26,0.9308796102992344,1.0460318344670565,Tuesday,0.9394905395665571,0.1150892741302945,-0.0748195636161046,False,0.0
2009-05-27,1.072425,1.0504916492818712,Wednesday,0.9630153411538588,0.1240050598268513,0.8822999561381624,False,0.0
2009-05-28,0.8192611111111112,1.038300677059649,Thursday,0.9237877617887796,0.1190506815671886,-0.8780012789651825,False,0.0
2009-05-29,0.8630875,1.0285360011337228,Friday,0.9404583967094144,0.0960109873840209,-0.8058546091183216,False,0.0
2009-05-30,1.1521569444444444,1.024469890022612,Saturday,0.953207206233224,0.118315623491389,1.6815170502456926,False,0.0
2009-05-31,0.6645069444444445,1.0116015566892786,Sunday,0.92038022210624,0.1614133078284768,-1.5852055887095442,False,0.0
2009-06-01,1.0022638888888888,1.0127439178003896,Monday,0.9292258570268748,0.1643594554510236,0.4443798603590419,False,0.0
2009-06-02,0.7573875,1.0007476215040934,Tuesday,0.9044412698412698,0.1766870771019705,-0.8322836749198211,False,0.0
2009-06-03,0.9420680555555556,0.9935415103929822,Wednesday,0.8858188492063491,0.1623163674443863,0.3465405691048308,False,0.0
2009-06-04,0.7192083333333333,0.9774347048374268,Thursday,0.8715255952380953,0.1731948183299938,-0.879456229542311,False,0.0
2009-06-05,0.8544166666666666,0.9746675289115008,Friday,0.8702869047619048,0.1732962031153125,-0.0915786832598869,False,0.0
2009-06-06,1.0246180555555555,0.98538053817076,Saturday,0.8520670634920634,0.1427311520589615,1.208923136781045,False,0.0
2009-06-07,0.8384666666666667,0.9703397048374268,Sunday,0.8769184523809523,0.1175557473691909,-0.3270940517567847,False,0.0
2009-06-08,0.8185944444444445,0.9684282233559453,Monday,0.8506799603174603,0.1047116076224163,-0.3064179473656271,False,0.0
2009-06-09,0.9255902777777776,0.9537275610840488,Tuesday,0.8747089285714286,0.0988715142054698,0.5146209159961883,False,0.0
2009-06-10,1.1131916666666668,0.9557141351581226,Wednesday,0.8991551587301588,0.133420947334753,1.6042196687413008,False,0.0
2009-06-11,0.9032291666666667,0.9481839036766412,Thursday,0.9254438492063491,0.107707138395294,-0.2062507914577842,False,0.0
2009-06-12,0.7650916666666666,0.9448351536766412,Friday,0.9126831349206348,0.1218831933655887,-1.2109255113727413,False,0.0
2009-06-13,0.4739333333333333,0.9234342277507152,Saturday,0.8340138888888889,0.1939858615925774,-1.856220616282963,False,0.0
2009-06-14,,,Sunday,,,,False,
2009-06-15,0.7836629441624365,,Monday,,,,False,
2009-06-16,1.047772222222222,,Tuesday,,,,False,
2009-06-17,0.6861222222222222,,Wednesday,,,,False,
2009-06-18,0.8095138888888889,,Thursday,,,,False,
2009-06-19,0.7547680555555556,,Friday,,,,False,
2009-06-20,0.7688194444444444,,Saturday,,,,False,
2009-06-21,0.5938486111111112,,Sunday,0.777786769800983,0.1395105692916324,-1.3184532155794455,False,0.0
2009-06-22,0.7597902777777777,,Monday,0.7743763888888889,0.1396347157638507,-0.1044590597067502,False,0.0
2009-06-23,0.7216763888888889,,Tuesday,0.7277912698412699,0.0705075860905696,-0.0867265678976188,False,0.0
2009-06-24,1.0658847222222223,,Wednesday,0.7820430555555556,0.1424757274175653,1.992210686068572,False,0.0
2009-06-25,0.5356680555555555,,Thursday,0.7429222222222223,0.1688337022808228,-1.227563951194642,False,0.0
2009-06-26,0.8870291666666665,,Friday,0.7618166666666666,0.1775558135764643,0.7052007899818905,False,0.0
2009-06-27,1.1868416666666666,,Saturday,0.821534126984127,0.2397187198467626,1.5239007613425355,False,0.0
2009-06-28,0.7356902777777777,,Sunday,0.8417972222222223,0.2226524604915429,-0.4765585981407776,False,0.0
2009-06-29,0.7014819444444444,,Monday,0.8334674603174603,0.2272745229469708,-0.5807316814996092,False,0.0
2009-06-30,0.8280875,,Tuesday,0.8486690476190476,0.2220496698230278,-0.0926889359279434,False,0.0
2009-07-01,0.8460708333333334,,Wednesday,0.8172670634920634,0.2007310988966237,0.1434943065603601,False,0.0
2009-07-02,0.8629013888888889,,Thursday,0.8640146825396825,0.1577154376098112,-0.0070588755778486,False,0.0
2009-07-03,0.6001027777777778,,Friday,0.8230251984126984,0.1855639233504081,-1.2013241400052035,False,0.0
2009-07-04,0.8601166666666666,,Saturday,0.7763501984126984,0.1003056021737415,0.8351125604019062,False,0.0
2009-07-05,0.979677777777778,,Sunday,0.8112055555555556,0.1235258993748229,1.3638615308601465,False,0.0
2009-07-06,0.6626805555555555,,Monday,0.8056625000000001,0.1299725698199733,-1.1000932323065602,False,0.0
2009-07-07,0.7709277777777778,,Tuesday,0.7974968253968254,0.1301243546538128,-0.2041819741564355,False,0.0
2009-07-08,0.8572222222222223,,Wednesday,0.799089880952381,0.1308841791058931,0.4441510170821242,False,0.0
2009-07-09,0.587675,,Thursday,0.7597718253968254,0.1486533926822342,-1.1577053324622368,False,0.0
2009-07-10,0.826683844011142,,Friday,0.7921405491444489,0.1318053239085018,0.2620781455737921,False,0.0
2009-07-11,0.6902555555555555,,Saturday,0.767874676128576,0.1328368872442237,-0.5843190260120736,False,0.0
2009-07-12,0.3565819444444444,,Sunday,0.6788609856523854,0.1706414024101629,-1.8886333366699224,False,0.0
2009-07-13,0.3449625,,Monday,0.6334726920015916,0.2127269929973493,-1.356246275737967,False,0.0
2009-07-14,0.6329374999999999,0.7581817910872674,Tuesday,0.6137597951761948,0.2040844755708465,0.0939694446143586,False,0.0
2009-07-15,0.4986624999999999,0.7486817762818528,Wednesday,0.5625369777158774,0.1758360191522618,-0.3632616230953605,False,0.0
2009-07-16,0.4163569444444444,0.727634600355927,Thursday,0.5380629697793695,0.1835091624867061,-0.6632149789454891,False,0.0
2009-07-17,0.5082,0.7217038596151861,Friday,0.4925652777777777,0.1323840274723898,0.1181012733993383,False,0.0
2009-07-18,0.6711180555555555,0.7170906651707418,Saturday,0.4898313492063491,0.1277370426208549,1.4192179702116317,False,0.0
2009-07-19,0.8358638888888889,0.7197938596151862,Sunday,0.5583001984126984,0.1668670847378169,1.663381912090698,False,0.0
2009-07-20,0.4600597222222222,0.7095018688744454,Monday,0.5747426587301587,0.146806834481262,-0.781182544485518,False,0.0
2009-07-21,0.5651125,0.7085439985040751,Tuesday,0.565053373015873,0.1445466502007953,0.0004090512235661,False,0.0
2009-07-22,0.5135638888888889,0.7003364522077788,Wednesday,0.5671821428571429,0.1435119634003962,-0.373615221322419,False,0.0
2009-07-23,0.7152777777777778,0.7001231651707418,Thursday,0.609885119047619,0.1353965590477748,0.7783998313647753,False,0.0
2009-07-24,0.3900958333333333,0.6775968688744455,Friday,0.5930130952380953,0.1559744528114187,-1.3009647301029452,False,0.0
2009-07-25,0.3727,0.672164600355927,Saturday,0.5503819444444444,0.1711158231336259,-1.0383723795413764,False,0.0
2009-07-26,0.3770944444444444,0.6551667762818529,Sunday,0.4848434523809524,0.1252632621182047,-0.8601804400944837,False,0.0
2009-07-27,0.4781708333333334,0.6315444151707418,Monday,0.4874307539682539,0.1248524066493531,-0.0741669374538129,False,0.0
2009-07-28,0.6269791666666666,0.6279207114670381,Tuesday,0.4962688492063492,0.1331798677258535,0.9814570301975404,False,0.0
2009-07-29,0.6263888888888889,0.6254176096151862,Wednesday,0.5123867063492064,0.1421471491694887,0.8020011882457972,False,0.0
2009-07-30,0.5502263888888889,0.6161555725781492,Thursday,0.4888079365079364,0.1137323012610126,0.5400264630186165,False,0.0
2009-07-31,0.6776597222222223,0.6105418688744455,Friday,0.5298884920634921,0.1236378120707171,1.195194477189627,False,0.0
2009-08-01,0.4909486111111111,0.5981434429485195,Saturday,0.5467811507936507,0.1052998973570089,-0.5302240655871193,False,0.0
2009-08-02,0.3400861111111111,0.5894762207262972,Sunday,0.541494246031746,0.1156589900558062,-1.7413962790393918,False,0.0
2009-08-03,0.3474291666666667,0.5723866373929639,Monday,0.5228168650793651,0.1363032772917884,-1.2867460115228253,False,0.0
2009-08-04,0.3533972222222222,0.5515106188744454,Tuesday,0.4837337301587301,0.1406131161913182,-0.9269157207153572,False,0.0
2009-08-05,0.360175,0.5414271003559269,Wednesday,0.4457031746031745,0.1312912119839332,-0.6514386858858536,False,0.0
2009-08-06,0.3699111111111111,0.5280598781337047,Thursday,0.4199438492063492,0.1248991784832413,-0.4005850054646386,False,0.0
2009-08-07,0.3745111111111111,0.5119695077633344,Friday,0.3766369047619048,0.0518283242082759,-0.0410160599106211,False,0.0
2009-08-08,0.3656055555555555,0.5045671929485195,Saturday,0.3587307539682539,0.0124309019822875,0.5530412513184706,False,0.0
2009-08-09,0.6932180555555556,0.5001183333333333,Sunday,0.4091781746031745,0.1255963776145814,2.2615292442909163,False,0.0
2009-08-10,0.7426097222222222,0.5018634722222222,Monday,0.4656325396825397,0.1730610152664458,1.600459711352361,False,0.0
2009-08-11,0.6603847222222222,0.5119902314814815,Tuesday,0.5094878968253969,0.1786846802321418,0.8444866409408163,False,0.0
2009-08-12,0.5725250000000001,0.5195756481481482,Wednesday,0.5398236111111111,0.1667367365977772,0.1961258781726983,False,0.0
2009-08-13,1.10535883424408,0.5353230259562841,Thursday,0.6448875715586782,0.2518258712023618,1.828530406692715,False,0.0
2009-08-14,0.5199138888888889,0.5360314055859138,Friday,0.6656593969555035,0.2309373386601699,-0.6311041294239678,False,0.0
2009-08-15,1.0514319444444444,0.5572005722525805,Saturday,0.7636345953682019,0.2278839252974494,1.262912022866861,False,0.0
2009-08-16,0.8456333333333333,0.5684483500303582,Sunday,0.7854082064793131,0.2273151899224232,0.2649410577206632,False,0.0
2009-08-17,0.5457694444444444,0.5642700629933213,Monday,0.7572881667967735,0.2449806261079539,-0.8634099998549294,False,0.0
2009-08-18,0.7504152777777777,0.5614217759562841,Tuesday,0.7701496747332813,0.2413821566650826,-0.0817558233307404,False,0.0
2009-08-19,0.6116263888888889,0.5664739981785064,Wednesday,0.7757355874316939,0.2364486471676485,-0.6940585218339065,False,0.0
2009-08-20,0.5386958333333334,0.5655934426229509,Thursday,0.6947837301587302,0.1987929049273567,-0.7851784090706595,False,0.0
2009-08-21,0.8067680555555556,0.575366914845173,Friday,0.735762896825397,0.1858842369777151,0.3819859063072205,False,0.0
2009-08-22,1.0755125,0.5873747389192471,Saturday,0.7392029761904764,0.1927942355427333,1.7443961582294294,False,0.0
2009-08-23,0.7407694444444445,0.5990638592896175,Sunday,0.7242224206349207,0.1871371231383574,0.0884219204186971,False,0.0
2009-08-24,0.8696208333333333,0.6156278870673954,Monday,0.7704869047619047,0.1753255226724621,0.5654278228311778,False,0.0
2009-08-25,0.6552847222222222,0.6249008963266545,Tuesday,0.7568968253968255,0.1807438676941786,-0.5621883855364458,False,0.0
2009-08-26,0.7892680555555556,0.635270803734062,Wednesday,0.7822742063492064,0.1690396357983691,0.0413740196097643,False,0.0
2009-08-27,0.5204625,0.6317202481785065,Thursday,0.7796694444444444,0.1735001647998408,-1.4939867333467929,False,0.0
2009-08-28,0.7769736111111112,0.6367397389192472,Friday,0.7754130952380952,0.1730895530964037,0.0090156560294937,False,0.0
2009-08-29,0.9641763888888888,0.6505380722525804,Saturday,0.7595079365079366,0.1435043960525843,1.426217300729627,False,0.0
2009-08-30,1.158570833333333,0.6665684426229509,Sunday,0.8191938492063492,0.2071731471635372,1.638132107242105,False,0.0
2009-08-31,0.8788347222222221,0.6794979796599879,Monday,0.8205101190476191,0.2075758104387226,0.2809797685545869,False,0.0
2009-09-01,0.6809277777777777,0.6908593685488766,Tuesday,0.8241734126984126,0.2043755377858009,-0.7008942286956367,False,0.0
2009-09-02,0.8491763888888889,0.7075842759562841,Wednesday,0.8327317460317458,0.2039240921055398,0.0806410007142866,False,0.0
2009-09-03,0.8688805555555557,0.7247670537340619,Thursday,0.8825057539682539,0.1505338851093672,-0.0905125009083448,False,0.0
2009-09-04,0.7113805555555555,0.7364739055859139,Friday,0.8731353174603174,0.1599452344762841,-1.0113134188361586,False,0.0
2009-09-05,1.051295833333333,0.7591867296599878,Saturday,0.8855809523809521,0.1712032437967973,0.9679424132236032,False,0.0
2009-09-06,0.8532152777777778,0.7751435352155434,Sunday,0.8419587301587301,0.1218380605613879,0.0923894189318296,False,0.0
2009-09-07,0.8482347222222223,0.7912311741044322,Monday,0.8375873015873015,0.1208393296762214,0.0881122120045649,False,0.0
2009-09-08,0.7543430555555555,0.7932686741044322,Tuesday,0.8480751984126983,0.1074168576295306,-0.872601795710828,False,0.0
2009-09-09,1.056488888888889,0.8037313129933212,Wednesday,0.8776912698412698,0.1332451123352636,1.341870001188029,False,0.0
2009-09-10,0.7724680555555555,0.8074674241044323,Thursday,0.8639180555555556,0.1391593486400234,-0.6571603050296129,False,0.0
2009-09-11,0.8431569444444444,0.8164884889192471,Friday,0.8827432539682539,0.123068113961923,-0.3216617875208308,False,0.0
2009-09-12,1.4335819444444446,0.8274292592592593,Saturday,0.9373555555555556,0.2397951662590164,2.0693761122477623,False,0.0
2009-09-13,1.0912453092425294,0.8464736399377139,Sunday,0.971359845764806,0.2427339964666423,0.4938964678324269,False,0.0
2009-09-14,1.0936513888888888,0.8478809547525289,Monday,1.0064193695743298,0.2396907703159937,0.3639356626021005,False,0.0
2009-09-15,1.0116708333333333,0.8534155380858621,Tuesday,1.0431804806854408,0.2128126903325642,-0.148062821361203,False,0.0
2009-09-16,1.2105291666666669,0.8755741954932694,Wednesday,1.0651862346536949,0.2221764102075411,0.6541780555244519,False,0.0
2009-09-17,0.8496013888888888,0.8788803991969731,Thursday,1.0762052822727424,0.2066063491248298,-1.0967905601339547,False,0.0
2009-09-18,0.9541888888888888,0.8902991491969732,Friday,1.0920669886219487,0.1892671909338129,-0.7284838912269598,False,0.0
2009-09-19,1.4831319444444444,0.921780352900677,Saturday,1.09914556005052,0.2044834992493615,1.8778355505627595,False,0.0
2009-09-20,1.413422222222222,0.9420021584562324,Sunday,1.1451708333333332,0.2362061722130462,1.13566629684401,False,0.0
2009-09-21,0.9846305555555556,0.9389727603080844,Monday,1.1295964285714286,0.2436463036851177,-0.5949849056738542,False,0.0
2009-09-22,0.86565,0.9431354454932694,Tuesday,1.1087363095238094,0.2610543963024791,-0.9311711006090454,False,0.0
2009-09-23,1.1365347222222222,0.9520325751228992,Wednesday,1.0981656746031745,0.2577224555919211,0.1488773942143458,False,0.0
2009-09-24,0.9904569444444444,0.9632049825303066,Thursday,1.1182878968253969,0.2399679924238537,-0.5327000117380887,False,0.0
2009-09-25,0.8062611111111112,0.9637714177154916,Friday,1.0971553571428572,0.2623019777822919,-1.1090051569233128,False,0.0
2009-09-26,1.0807319444444443,0.9824470658636398,Saturday,1.039669642857143,0.2004052213234154,0.2048963660534305,False,0.0
2009-09-27,0.9794944444444444,0.9891977603080844,Sunday,0.9776799603174604,0.114020857108459,0.0159136159207974,False,0.0
2009-09-28,0.9024,0.9871385473451212,Monday,0.965932738095238,0.1173721404878179,-0.5412931708596738,False,0.0
2009-09-29,0.7961097222222222,0.9750565103080844,Tuesday,0.9559984126984128,0.1295824766888195,-1.2338758647139343,False,0.0
2009-09-30,1.232778859527121,0.9868546482182476,Wednesday,0.9697475751705412,0.1546180724658228,1.7011677882268317,False,0.0
2009-10-01,0.893925,0.993954555625655,Thursday,0.9559572973927634,0.1567532416462948,-0.3957321503611128,False,0.0
2009-10-02,0.8004638888888889,0.9923308056256552,Friday,0.9551291227895886,0.1576884710372524,-0.9808277858446705,False,0.0
2009-10-03,1.1921805555555556,1.0031074722923217,Saturday,0.9710503529483188,0.1769354107053211,1.2497792370998038,False,0.0
2009-10-04,1.1257680555555556,1.0169203889589882,Sunday,0.9919465831070492,0.1864790136287477,0.7176221594292929,False,0.0
2009-10-05,0.8857791666666667,1.011403166736766,Monday,0.9895721783451442,0.1879095528551651,-0.5523562272455513,False,0.0
2009-10-06,0.9919777777777778,1.0160285834034328,Tuesday,1.017553329138795,0.1678081502325033,-0.1524094707294102,False,0.0
2009-10-07,1.2651625,1.0299261759960254,Wednesday,1.0221795634920634,0.1750218605204905,1.3883005002080273,False,0.0
2009-10-08,1.0952541666666666,1.0412898796997292,Thursday,1.050940873015873,0.1667813359133448,0.2656969582844554,False,0.0
2009-10-09,0.9387930555555556,1.0373666852552847,Friday,1.0707021825396823,0.1378410509483856,-0.9569654763697364,False,0.0
2009-10-10,1.3977472222222225,1.0582093241441737,Saturday,1.1000688492063493,0.1826497500007075,1.62977706246365,False,0.0
2009-10-11,1.3469659485753998,1.0750029576152054,Sunday,1.1316685482091842,0.2055373156235097,1.0474857069778205,False,0.0
2009-10-12,0.938613888888889,1.0585040224300202,Monday,1.1392163656695016,0.1957393059545115,-1.024845141870643,False,0.0
2009-10-13,1.0063194444444443,1.0556731602700842,Tuesday,1.1412651751933112,0.1940087033858789,-0.6955653452333159,False,0.0
2009-10-14,1.18835,1.0588297806404543,Wednesday,1.1302919609075968,0.1879094709105604,0.3089681366834205,False,0.0
2009-10-15,1.0347055555555555,1.0595976047145284,Thursday,1.1216421593202954,0.1911566530090253,-0.4547924563244744,False,0.0
2009-10-16,1.053375,1.0543591324923065,Friday,1.1380110085266444,0.1772927107269173,-0.4773800805438,False,0.0
2009-10-17,1.9042222222222225,1.089513160270084,Saturday,1.2103645799552158,0.3345563430027,2.073963494577674,False,0.0
2009-10-18,1.0806694444444445,1.0937291787886023,Sunday,1.1723222222222225,0.3315614641996,-0.2764277145386318,False,0.0
2009-10-19,0.9507694444444444,1.075983762121936,Monday,1.1740587301587302,0.3301623255576984,-0.676301529367754,False,0.0
2009-10-20,1.1963944444444443,1.0687495028626766,Tuesday,1.2012123015873015,0.3217773993455296,-0.0149726399450562,False,0.0
2009-10-21,1.3677125,1.0815189010108248,Wednesday,1.226835515873016,0.3276698546490707,0.4299357482178553,False,0.0
2009-10-22,0.9720208333333332,1.0850645954552691,Thursday,1.2178805555555556,0.3345794533093393,-0.7348320997909873,False,0.0
2009-10-23,1.2204513888888888,1.0878618176774917,Friday,1.2417486111111111,0.32675607780729,-0.0651777385906275,False,0.0
2009-10-24,1.815561111111111,1.1153652898997135,Saturday,1.229082738095238,0.2971766409805501,1.9735009154177,False,0.0
2009-10-25,1.6712055555555556,1.1441967713811951,Sunday,1.3134450396825397,0.3300279862248863,1.0840308422487304,False,0.0
2009-10-26,0.7724611111111112,1.1339210769367507,Monday,1.2879724206349206,0.367445885696832,-1.4029584480070665,False,0.0
2009-10-27,0.775525,1.1271220954552692,Tuesday,1.2278482142857143,0.4161350472626167,-1.0869625552116975,False,0.0
2009-10-28,0.8810472222222223,1.12641033619601,Wednesday,1.1583246031746033,0.4293181507782451,-0.6458552484905362,False,0.0
2009-10-29,1.376,1.145740012121936,Thursday,1.2160359126984126,0.4272477354188604,0.3744059337020557,False,0.0
2009-10-30,1.0370541666666666,1.139215855693254,Friday,1.1898363095238094,0.432522407716314,-0.3532352084689,False,0.0
2009-10-31,1.3027375,1.1528429390265873,Saturday,1.1165757936507936,0.343049857466791,0.5426666191436267,False,0.0
2009-11-01,1.2799777777777777,1.1688267353228838,Sunday,1.060686111111111,0.2592680940562329,0.8458104629685143,False,0.0
2009-11-02,1.0446013888888888,1.163907429767328,Monday,1.0995632936507935,0.2272754158804208,-0.241829520139665,False,0.0
2009-11-03,1.5740888888888889,1.178851457545106,Tuesday,1.2136438492063493,0.2376965154262229,1.5164085978972452,False,0.0
2009-11-04,1.25125,1.191033818656217,Wednesday,1.2665299603174602,0.1871776881876821,-0.0816334492930541,False,0.0
2009-11-05,1.0836569444444444,1.1940897908784394,Thursday,1.2247666666666668,0.1912513891897996,-0.737823253572207,False,0.0
2009-11-06,0.9655902777777778,1.1841040501376985,Friday,1.2145575396825397,0.2043972428006134,-1.2180558724445507,False,0.0
2009-11-07,1.0813722222222222,1.1836413186562171,Saturday,1.1829339285714284,0.2056014150058417,-0.4939737712715671,False,0.0
2009-11-08,1.7416680555555557,1.2104038186562172,Sunday,1.2488896825396825,0.2960706100273241,1.6643947637031422,False,0.0
2009-11-09,0.9762001389854064,1.1963522492149898,Monday,1.2391180754106137,0.3049328687956316,-0.8622157967543241,False,0.0
2009-11-10,1.1154055555555555,1.1886335694476615,Tuesday,1.1735918849344231,0.2680012117665203,-0.2171121876477142,False,0.0
2009-11-11,1.417,1.2045797731513654,Wednesday,1.1972704563629946,0.2829133852965995,0.7766671888169815,False,0.0
2009-11-12,1.0160180555555556,1.2049030601884023,Thursday,1.1876077579502962,0.2885396362153108,-0.5946832977452665,False,0.0
2009-11-13,1.0645319444444443,1.200775791669884,Friday,1.20174228175982,0.2780851581285555,-0.4934112206446665,False,0.0
2009-11-14,1.7780944444444446,1.2255554212995134,Saturday,1.301274027791566,0.34456131915562,1.383847780190104,False,0.0
2009-11-15,1.366186111111111,1.2359824583365506,Sunday,1.2476337500137882,0.2893846169085126,0.4096705704809548,False,0.0
2009-11-16,1.0517138888888888,1.2075655138921062,Monday,1.2584214285714286,0.2787933845898463,-0.7414363148775663,False,0.0
2009-11-17,1.186315277777778,1.2110870416698838,Tuesday,1.268551388888889,0.27397747843023,-0.3001564638899802,False,0.0
2009-11-18,1.8327597222222225,1.24048671759581,Wednesday,1.3279456349206349,0.3468866938334299,1.455270831299145,False,0.0
2009-11-19,1.0242,1.234746902780995,Thursday,1.3291144841269842,0.345672123709168,-0.8820916215492246,False,0.0
2009-11-20,1.361816666666667,1.2345503750032172,Friday,1.3715837301587304,0.3254164913578954,-0.0300140397043417,False,0.0
2009-11-21,1.733927777777778,1.2599472731513657,Saturday,1.3652742063492065,0.3165277593058392,1.1646800654610734,False,0.0
2009-11-22,1.7020666666666668,1.276001115743958,Sunday,1.413257142857143,0.3411868327011786,0.8464849640386668,False,0.0
2009-11-23,1.0216125,1.2495361620402543,Monday,1.4089569444444443,0.3466490272826388,-1.1173965999005238,False,0.0
2009-11-24,1.4783722222222224,1.2431083842624766,Tuesday,1.4506793650793652,0.3326803107748219,0.0832416474493478,False,0.0
2009-11-25,1.3750902777777778,1.2631960231513657,Wednesday,1.385298015873016,0.286897891272536,-0.0355796902164797,False,0.0
2009-11-26,1.110851388888889,1.274373569447662,Thursday,1.3976767857142858,0.2700984192523845,-1.0619291946221363,False,0.0
2009-11-27,0.9583513888888888,1.2769503750032172,Friday,1.340038888888889,0.3178534522386898,-1.200828549483158,False,0.0
2009-11-28,1.2909375,1.2741149583365503,Saturday,1.2767545634920636,0.2662746236859273,0.0532643190387729,False,0.0
2009-11-29,1.1465013888888889,1.2777631990772915,Sunday,1.197388095238095,0.1903484969383508,-0.2673344269468393,False,0.0
2009-11-30,1.2119375,1.2747365324106248,Monday,1.224577380952381,0.1739421006226803,-0.0726671743478588,False,0.0
2009-12-01,1.2197069444444444,1.272727504632847,Tuesday,1.1876251984126984,0.1339084135704047,0.2395797633348738,False,0.0
2009-12-02,1.6289361111111111,1.292205328706921,Wednesday,1.2238888888888888,0.2073626285465213,1.9533279697568595,False,0.0
2009-12-03,1.0275611111111111,1.2739877361143284,Thursday,1.2119902777777778,0.2170912402664802,-0.8495467916636307,False,0.0
2009-12-04,1.1883986111111111,1.271892689818032,Friday,1.2448541666666666,0.1877211025393986,-0.3007416576605002,False,0.0
2009-12-05,1.6331680555555557,1.290209726855069,Saturday,1.293744246031746,0.2392236045008518,1.4188558450660786,False,0.0
2009-12-06,1.651588888888889,1.3130763472254396,Sunday,1.3658996031746031,0.2624548082347868,1.0885275359814095,False,0.0
2009-12-07,1.2101652777777778,1.3173694490772914,Monday,1.3656464285714287,0.2626288764284916,-0.5920184897717642,False,0.0
2009-12-08,1.3936694444444444,1.3057694953735877,Tuesday,1.3904982142857143,0.2546262745095248,0.0124544498199909,False,0.0
2009-12-09,1.2516361111111112,1.3149506944444445,Wednesday,1.3365982142857145,0.2349116220621258,-0.361676882687966,False,0.0
2009-12-10,1.4285716272600837,1.325389563501262,Thursday,1.3938854308784248,0.1919562547127937,0.1806984431612121,False,0.0
2009-12-11,1.2392097222222225,1.3194632209086696,Friday,1.401144161037155,0.1836727796679786,-0.8816463664766104,False,0.0
2009-12-12,1.261375,1.327641785723484,Saturday,1.3480308673863612,0.1572510291213099,-0.5510670923464126,False,0.0
2009-12-13,1.4852875,1.3416669709086697,Sunday,1.3242735261165195,0.1088640963822099,1.479036516485453,False,0.0
2009-12-14,1.2464319444444445,1.3239448875753363,Monday,1.3294544784974724,0.1032465273927321,-0.8041193844440351,False,0.0
2009-12-15,1.3473027777777775,1.3233154431308918,Tuesday,1.3228306689736626,0.099872375626199,0.2450338109079205,False,0.0
2009-12-16,0.9686625,1.3205470635012622,Wednesday,1.2824058673863612,0.1677171345056048,-1.8706697339613585,False,0.0
2009-12-17,1.1924875,1.320752804242003,Thursday,1.2486795634920635,0.1568081958179051,-0.3583490212292038,False,0.0
2009-12-18,1.2116013888888888,1.300047526464225,Friday,1.2447355158730158,0.1574320415347932,-0.2104662218764672,False,0.0
2009-12-19,1.5307875,1.316933776464225,Saturday,1.283223015873016,0.1914370818346068,1.2931898133553283,False,0.0
2009-12-20,0.7945597222222222,1.2980252116494102,Sunday,1.184547619047619,0.2414169488159745,-1.6154122514516318,False,0.0
2009-12-21,1.4131708333333333,1.287333313501262,Monday,1.20836746031746,0.25630713007619,0.7990545286625196,False,0.0
2009-12-22,1.3111263888888889,1.2743019709086696,Tuesday,1.2031994047619048,0.2533868856587786,0.4259375296649058,False,0.0
2009-12-23,1.0105555555555557,1.2739334060938543,Wednesday,1.2091841269841268,0.2473468743769679,-0.803036512706654,False,0.0
2009-12-24,2.017981944444444,1.2919203968345954,Thursday,1.3271119047619049,0.3923453547490665,1.7608722298353727,False,0.0
2009-12-25,1.4775333333333334,1.2953351653531138,Friday,1.3651021825396823,0.3921713832020841,0.2866888192495055,False,0.0
2009-12-26,1.5164013888888888,1.308853498686447,Saturday,1.3630470238095236,0.3911948837629709,0.3920152625827391,False,0.0
2009-12-27,1.5246194444444443,1.3277291005382992,Sunday,1.4673412698412698,0.3013822128268494,0.1900516094361616,False,0.0
2009-12-28,1.4542347222222225,1.3331723412790395,Monday,1.4732075396825397,0.3005505733362595,-0.0631268716266595,False,0.0
2009-12-29,1.4222,1.3423622949827434,Tuesday,1.4890751984126982,0.2934146310551448,-0.227920462494352,False,0.0
2009-12-30,1.7021597222222222,1.3587030357234842,Wednesday,1.5878757936507937,0.2100182280400727,0.5441619503123448,False,0.0
2009-12-31,1.536036111111111,1.3692473412790396,Thursday,1.5190263888888889,0.0905173138478272,0.1879167807698967,False,0.0
2010-01-01,0.850175,1.343288637575336,Friday,1.4294037698412698,0.2703625080276271,-2.1424152855620093,False,0.0
2010-01-02,0.9095455177206392,1.3393547844623204,Saturday,1.3427100739600912,0.3287980009877205,-1.317418460386653,False,0.0
2010-01-03,1.4468430555555556,1.3479695992771352,Sunday,1.3315991612616789,0.3228872984082144,0.3569167782753051,False,0.0
2010-01-04,1.1139805555555555,1.3306633492771354,Monday,1.2829914231664403,0.3269344063055958,-0.5169565036630163,False,0.0
2010-01-05,1.541513888888889,1.3269941826104683,Tuesday,1.3000362644362815,0.3383139043551481,0.7137679573438815,False,0.0
2010-01-06,1.234152777777778,1.327793765943802,Wednesday,1.233178129515647,0.2881218128839619,0.0033827645757721,False,0.0
2010-01-07,1.2287791666666668,1.3222974233512093,Thursday,1.1892842803092978,0.2558954142575519,0.154339953578138,False,0.0
2010-01-08,1.248061111111111,1.3221782566845426,Friday,1.2461251533251707,0.2076608598007152,0.0093226898309013,False,0.0
2010-01-09,1.6228472222222223,1.3286541098499471,Saturday,1.348025396825397,0.189158771437996,1.4528632392122964,False,0.0
2010-01-10,1.7419902777777776,1.345413461701799,Sunday,1.3901892857142857,0.2407229001483045,1.4614355005143025,False,0.0
2010-01-11,1.0546416666666667,1.3385223505906878,Monday,1.3817123015873016,0.2528118586183104,-1.2937313807515598,False,0.0
2010-01-12,1.4362127659574468,1.3368865261226026,Tuesday,1.366669284025667,0.2447218563387165,0.2841735632943453,False,0.0
2010-01-13,,,Wednesday,,,,False,
2010-01-14,2.0754630872483224,,Thursday,,,,False,
2010-01-15,1.525527777777778,,Friday,,,,False,
2010-01-16,1.4931333333333334,,Saturday,,,,False,
2010-01-17,1.3239972222222225,,Sunday,,,,False,
2010-01-18,1.3063180555555556,,Monday,,,,False,
2010-01-19,1.689936111111111,,Tuesday,,,,False,
2010-01-20,1.6331444444444445,,Wednesday,1.578217147384681,0.2618281787418008,0.2097837494944705,False,0.0
2010-01-21,1.484622222222222,,Thursday,1.4938113095238097,0.1431549499375944,-0.0641897978770096,False,0.0
2010-01-22,1.2434902777777777,,Friday,1.4535202380952383,0.1699270086770927,-1.2360010451109298,False,0.0
2010-01-23,1.8127241139680328,,Saturday,1.4991760639001952,0.2183720738349404,1.43584316694651,False,0.0
2010-01-24,1.575986111111111,,Sunday,1.535174476598608,0.2050443580257315,0.1990380759824739,False,0.0
2010-01-25,1.3406319444444443,,Monday,1.540076460725592,0.1989817670771021,-1.002325585961182,False,0.0
2010-01-26,1.4358083333333331,,Tuesday,1.5037724924716238,0.1900660159760634,-0.3575818580153221,False,0.0
2010-01-27,1.917293055555556,,Wednesday,1.5443651512017824,0.2447714407056072,1.5235760482461815,False,0.0
2010-01-28,1.4654402777777775,,Thursday,1.541624873424005,0.2456575201835659,-0.3101252328416368,False,0.0
2010-01-29,1.4534652777777777,,Friday,1.5716213019954333,0.2139606974931437,-0.5522323753942792,False,0.0
2010-01-30,1.9741166666666667,,Saturday,1.594677380952381,0.24994197781124,1.518109478996137,False,0.0
2010-01-31,1.2494416666666666,,Sunday,1.5480281746031743,0.2823801366102614,-1.057392037275676,False,0.0
2010-02-01,1.1762347222222225,,Monday,1.5245428571428572,0.3081632422672521,-1.1302715157006535,False,0.0
2010-02-02,1.4982166666666663,,Tuesday,1.5334583333333334,0.3060638157550795,-0.1151448320662263,False,0.0
2010-02-03,2.0159819444444445,,Wednesday,1.547556746031746,0.3281663552984847,1.4274016542208927,False,0.0
2010-02-04,1.6085208333333334,,Thursday,1.5679968253968253,0.3266516667058359,0.1240587820817756,False,0.0
2010-02-05,1.4575638888888889,,Friday,1.5685823412698412,0.3264157437058074,-0.3401136572659045,False,0.0
2010-02-06,1.884018055555556,,Saturday,1.5557111111111108,0.3090753271845392,1.0622230749865809,False,0.0
2010-02-07,1.1289638888888889,,Sunday,1.5385000000000002,0.3315126970669703,-1.2353557336851542,False,0.0
2010-02-08,1.7932208333333333,,Monday,1.626640873015873,0.2996300182108806,0.555952174992763,False,0.0
2010-02-09,1.6812027777777776,,Tuesday,1.652781746031746,0.2944966595336624,0.0965071447365023,False,0.0
2010-02-10,1.3513148019457957,,Wednesday,1.5578292971033676,0.263383704952154,-0.7840822772049892,False,0.0
2010-02-11,0.9512277777777778,,Thursday,1.4639302891668595,0.3463866966672936,-1.4801449256624752,False,0.0
2010-02-12,1.3145819444444444,1.5287196038091089,Friday,1.4435042971033678,0.351009570317026,-0.3672901355438339,False,0.0
2010-02-13,1.633025,1.513971667567498,Saturday,1.4076481463097168,0.3087912971888569,0.7298678937588146,False,0.0
2010-02-14,1.1721320361362058,1.5021918095127789,Sunday,1.413815024487905,0.3026684383472208,-0.7985074019328072,False,0.0
2010-02-15,1.4563416666666666,1.5009654206238898,Monday,1.3656894292498098,0.2553743456573352,0.3549778548957897,False,0.0
2010-02-16,1.248441666666667,1.4984469021053717,Tuesday,1.303866413376794,0.2155381274119304,-0.2571459044190393,False,0.0
2010-02-17,1.4267777777777777,1.5024622261794456,Wednesday,1.3146468384956485,0.2201448149023589,0.5093508077029333,False,0.0
2010-02-18,1.223025,1.4868985224757418,Thursday,1.3534750130988231,0.1615292516158832,-0.8075937441289792,False,0.0
2010-02-19,1.356647222222222,1.4776819484016677,Friday,1.3594843384956483,0.1606210877317678,-0.0176634109100563,False,0.0
2010-02-20,1.377588888888889,1.47411417062389,Saturday,1.3229934654797757,0.1087635029925764,0.5019645552685064,False,0.0
2010-02-21,1.9029958333333328,1.4960976891424085,Sunday,1.4274025793650793,0.2266832341672862,2.098052181562216,False,0.0
2010-02-22,1.0236361111111112,1.4697947557138444,Monday,1.3655874999999995,0.2719540076830704,-1.2573868346422443,False,0.0
2010-02-23,1.0147777777777778,1.4510878112694,Tuesday,1.3322069444444442,0.3014681791619114,-1.0529441865112494,False,0.0
2010-02-24,1.3293597222222222,1.4507120705286591,Wednesday,1.3182900793650791,0.2986098593216995,0.0370705872950346,False,0.0
2010-02-25,1.3056972222222225,1.4463750334916223,Thursday,1.3301003968253968,0.2958360604624747,-0.0824888438719245,False,0.0
2010-02-26,1.4723305555555557,1.4315429501582888,Friday,1.3466265873015872,0.300756470512803,0.4179593145232674,False,0.0
2010-02-27,1.2257333333333331,1.423552718676807,Saturday,1.3249329365079363,0.303614047949603,-0.3267292928127936,False,0.0
2010-02-28,0.4942125,1.3915776260842148,Sunday,1.1236781746031748,0.3228788000923452,-1.9495416683385345,False,0.0
2010-03-01,0.9018944444444444,1.355836885343474,Monday,1.106286507936508,0.332306744666153,-0.615070463578472,False,0.0
2010-03-02,0.5325736111111111,1.3319412834916224,Tuesday,1.0374001984126984,0.3979367642631908,-1.268610072347326,False,0.0
2010-03-03,0.6498847222222222,1.314396283491622,Wednesday,0.9403323412698412,0.3977215752729236,-0.7302787605834782,False,0.0
2010-03-04,0.4742222222222222,1.280263135343474,Thursday,0.8215501984126983,0.3945667398633913,-0.8802768735923598,False,0.0
2010-03-05,0.7873097222222223,1.239307394602733,Friday,0.7236900793650793,0.2722494535976206,0.2336814344948935,False,0.0
2010-03-06,0.5518833333333333,1.204086144602733,Saturday,0.6274257936507937,0.161926439113378,-0.4665233221399186,False,0.0
2010-03-07,0.9531055555555557,1.1872708668249556,Sunday,0.6929819444444444,0.1895430001629012,1.372372553391843,False,0.0
2010-03-08,1.7757625,1.1836623483064372,Monday,0.8178202380952381,0.4537320052200372,2.111251247176641,False,0.0
2010-03-09,1.2223000000000002,1.1867735520101408,Tuesday,0.9163525793650794,0.4563467758583507,0.6704274837035034,False,0.0
2010-03-10,1.2657166666666666,1.1691900797879184,Wednesday,1.0043285714285717,0.4557751637534209,0.5735022792499259,False,0.0
2010-03-11,1.3549236111111111,1.1583141075656964,Thursday,1.1301430555555556,0.4036263017600333,0.5569026462730212,False,0.0
2010-03-12,1.1426555555555555,1.1513587993526884,Friday,1.1809067460317462,0.3746261138680708,-0.1021049762955426,False,0.0
2010-03-13,1.6548680555555555,1.1748134752786143,Saturday,1.338475992063492,0.2878775055728367,1.099051010819642,False,0.0
2010-03-14,1.0879958333333333,1.1672606049082437,Sunday,1.3577460317460317,0.2610464022821209,-1.0333419501455954,False,0.0
2010-03-15,1.2443402777777777,1.1543044475008366,Monday,1.281828571428571,0.1855847590279838,-0.2020009285630016,False,0.0
2010-03-16,1.0712847222222224,1.1509428703703706,Tuesday,1.2602549603174604,0.2017330469740205,-0.9367341688918916,False,0.0
2010-03-17,1.3952291666666663,1.1489057870370372,Wednesday,1.278756746031746,0.2081543205851393,0.5595484172872633,False,0.0
2010-03-18,1.0851958333333334,1.143464259259259,Thursday,1.2402242063492062,0.2165026814142976,-0.7160575194873078,False,0.0
2010-03-19,1.1551277777777778,1.1344092592592594,Friday,1.2420059523809523,0.2156154001004846,-0.4029312125325288,False,0.0
2010-03-20,0.5678103448275862,1.112568770753512,Saturday,1.086711993705528,0.2563237244715684,-2.024399613994758,False,0.0
2010-03-21,1.4771046698872787,1.1165840190090142,Sunday,1.1422989703560915,0.2958001915488352,1.1318643770246244,False,0.0
2010-03-22,1.1240208333333332,1.1081317504904955,Monday,1.1251104782925996,0.2923582482670717,-0.0037270881383546,False,0.0
2010-03-23,1.265390277777778,1.086878231971977,Tuesday,1.1528398433719649,0.2955894839953618,0.3807660302542404,False,0.0
2010-03-24,1.3852444444444445,1.098931843083088,Wednesday,1.151413454483076,0.2942459092741489,0.794678813167486,False,0.0
2010-03-25,1.166586111111111,1.1039921208608658,Thursday,1.1630406370227586,0.2927977195064787,0.0121089539028121,False,0.0
2010-03-26,1.146725,1.0979042967867918,Friday,1.1618402401973618,0.292852786479096,-0.0516137830856552,False,0.0
2010-03-27,1.2833125,1.0971581393793843,Saturday,1.264054833793421,0.1312286545130963,0.1467489419748429,False,0.0
2010-03-28,1.2487597222222222,1.089705778268273,Sunday,1.231434126984127,0.0919426386224008,0.1884391779232024,False,0.0
2010-03-29,1.126901388888889,1.0864113801201252,Monday,1.231845634920635,0.0913865280830091,-1.148355761326462,False,0.0
2010-03-30,1.3239263888888888,1.114068509749755,Tuesday,1.2402079365079364,0.0974449508376306,0.8591358675982074,False,0.0
2010-03-31,1.3359736111111111,1.1285378153053105,Wednesday,1.233169246031746,0.0863730130643986,1.1902371056885028,False,0.0
2010-04-01,1.1718333333333333,1.1498464727127178,Thursday,1.233918849206349,0.0857191453830364,-0.7242899540771941,False,0.0
2010-04-02,1.1448763888888889,1.16634619493494,Friday,1.2336547619047618,0.0860348141901828,-1.0318889376529048,False,0.0
2010-04-03,1.2536652777777777,1.192327630120125,Saturday,1.2294194444444444,0.0838857356877765,0.2890340429697905,False,0.0
2010-04-04,1.1738805555555556,1.2052133245645698,Sunday,1.2187224206349203,0.0857617217616123,-0.5228657279527301,False,0.0
2010-04-05,0.7769583333333333,1.2127158245645695,Monday,1.1687305555555556,0.1885738310126842,-2.0775534978438768,False,0.0
2010-04-06,1.267952777777778,1.2232107319719772,Tuesday,1.1607343253968254,0.1819671505511508,0.5892187246775262,False,0.0
2010-04-07,1.1090152777777778,1.2009858245645697,Wednesday,1.1283117063492063,0.1649645074583472,-0.1169732136247599,False,0.0
2010-04-08,1.1452916666666666,1.1984188801201252,Thursday,1.1245200396825397,0.1641002144067814,0.1265789143494778,False,0.0
2010-04-09,0.8564930555555554,1.1847780930830882,Friday,1.0833224206349206,0.1919707698109952,-1.181582827962246,False,0.0
2010-04-10,0.8265333333333333,1.1671650838238288,Saturday,1.022303571428571,0.1966288828560364,-0.9956331707309392,False,0.0
2010-04-11,1.1138359972202918,1.16620443187932,Sunday,1.0137257773806765,0.1901162181572391,0.5265738021193822,False,0.0
2010-04-12,0.9996013888888888,1.1443622096570978,Monday,1.0455319281743274,0.1601688253218361,-0.2867632898795864,False,0.0
2010-04-13,1.0504888888888888,1.1431119781756165,Tuesday,1.0144656583330576,0.1276205710286762,0.2822682132313673,False,0.0
2010-04-14,1.1530305555555556,1.140068320768209,Wednesday,1.0207535551584543,0.1339812782803654,0.987279731130062,False,0.0
2010-04-15,1.3001236111111112,1.147696283731172,Thursday,1.0428724043648034,0.1667428559645611,1.5428019704843177,False,0.0
2010-04-16,1.0847652777777776,1.1373474874348757,Friday,1.075482721825121,0.1451394740915942,0.0639561085001491,False,0.0
2010-04-17,1.0817444444444444,1.1372324411385792,Saturday,1.111941451983851,0.0958745184635656,-0.3149638509097929,False,0.0
2010-04-18,1.0250736111111112,1.1328973022496904,Sunday,1.0992611111111112,0.1012985973145895,-0.7323645338306691,False,0.0
2010-04-19,1.186523611111111,1.1535210777924747,Monday,1.1259642857142855,0.0950961809985431,0.6368218445886198,False,0.0
2010-04-20,1.2733527777777778,1.1467293480554912,Tuesday,1.157801984126984,0.1026247700998798,1.1259542266290457,False,0.0
2010-04-21,1.0971625,1.1458340702777137,Wednesday,1.1498208333333333,0.1051978689240398,-0.5005646394924238,False,0.0
2010-04-22,1.0145166666666667,1.1374716165740095,Thursday,1.109019841269841,0.0917085924664334,-1.0304724133429914,False,0.0
2010-04-23,0.8198166666666667,1.1186240239814174,Friday,1.0711700396825397,0.1434600615630379,-1.752079082340457,False,0.0
2010-04-24,1.0544569444444445,1.114886385092528,Saturday,1.0672718253968256,0.1434955705333044,-0.08930506290023,False,0.0
2010-04-25,1.071348611111111,1.112373838796232,Sunday,1.0738825396825398,0.142288376583939,-0.017808401727979,False,0.0
2010-04-26,0.751886111111111,1.094659625833269,Monday,1.0117914682539684,0.1758230519810094,-1.478221167329808,False,0.0
2010-04-27,0.8687083333333334,1.0819912462036394,Tuesday,0.9539851190476192,0.137931094177759,-0.6182564288541421,False,0.0
2010-04-28,0.6026791666666667,1.0645171721295652,Wednesday,0.8833446428571429,0.1742294904589097,-1.6108953510179054,False,0.0
2010-04-29,0.7664749999999999,1.0459354591666024,Thursday,0.8479101190476189,0.1682253782486678,-0.484083435539928,False,0.0
2010-04-30,0.776825,1.0272971721295654,Friday,0.8417684523809524,0.17019522071172,-0.3815821155809947,False,0.0
2010-05-01,0.9167763888888888,1.018795273981417,Saturday,0.8220998015873014,0.1480316880678509,0.6395697335977953,False,0.0
2010-05-02,1.5193819444444443,1.0312787924999356,Sunday,0.8861045634920635,0.2963335493736521,2.137042472210497,False,0.0
2010-05-03,0.9800708333333332,1.0221589776851208,Monday,0.9187023809523808,0.2916213806440441,0.2104387965156072,False,0.0
2010-05-04,1.0534444444444444,1.0181444406480835,Tuesday,0.9450932539682538,0.2946859485167825,0.367683600190458,False,0.0
2010-05-05,1.253686111111111,1.0340353665740096,Wednesday,1.038094246031746,0.2703321112208927,0.7975074219103833,False,0.0
2010-05-06,0.9022569444444444,1.0218455054628983,Thursday,1.0574916666666667,0.2518324973534059,-0.616420532908331,False,0.0
2010-05-07,1.1416694444444444,1.022933977685121,Friday,1.1096123015873014,0.219777856308605,0.1458615685655309,False,0.0
2010-05-08,1.0648763888888888,1.0202534684258615,Saturday,1.1307694444444445,0.2047340048873262,-0.3218471479216128,False,0.0
2010-05-09,1.0878541666666666,1.0279655054628989,Sunday,1.0691226190476188,0.1123356613629958,0.1667462263699105,False,0.0
2010-05-10,1.0193694444444446,1.0343933758332688,Monday,1.0747367063492064,0.1080434610806781,-0.512453612194245,False,0.0
2010-05-11,1.0912277777777777,1.0336397685185184,Tuesday,1.0801343253968254,0.1077458366356605,0.1029594527950482,False,0.0
2010-05-12,1.4134847222222222,1.0474358796296297,Wednesday,1.1029626984126983,0.1565297172589919,1.983789591185029,False,0.0
2010-05-13,1.0788714384989575,1.048381964616632,Thursday,1.128193340420486,0.1309267011005711,-0.3767138521548937,False,0.0
2010-05-14,1.1959347222222223,1.0498121035055208,Friday,1.1359455229601685,0.1334400124002753,0.4495593052112908,False,0.0
2010-05-15,1.3505361111111112,1.0514925201721874,Saturday,1.1767540547062,0.1506532256092177,1.1535236348386435,False,0.0
2010-05-16,1.4586291666666666,1.063954649801817,Sunday,1.2297219118490577,0.1770544161813497,1.2928638536931405,False,0.0
2010-05-17,1.1306819444444445,1.065585899801817,Monday,1.245623697563343,0.1591017938375136,-0.7224415913015125,False,0.0
2010-05-18,0.9869333333333332,1.0643145572092243,Tuesday,1.2307244912141369,0.1795406104776201,-1.3578608050416117,False,0.0
2010-05-19,0.9908,1.0577904368388542,Wednesday,1.1703409594681051,0.1789079129829202,-1.003538392878382,False,0.0
2010-05-20,0.8013180555555555,1.0420559460981134,Thursday,1.1306904761904764,0.2268826247732895,-1.4517304750156317,False,0.0
2010-05-21,0.898886111111111,1.0354467331351505,Friday,1.0882549603174605,0.2400435354686859,-0.7888937681100465,False,0.0
2010-05-22,1.4553972222222222,1.050142751653669,Saturday,1.103235119047619,0.2614563685230849,1.34692493881062,False,0.0
2010-05-23,1.033025,1.0572496960981137,Sunday,1.0424345238095238,0.2093259583011464,-0.0449515381937808,False,0.0
2010-05-24,0.9314805555555556,1.0531504831351504,Monday,1.0139771825396824,0.2088694068988675,-0.3949674976770091,False,0.0
2010-05-25,0.8323791666666667,1.0451848349870023,Tuesday,0.991898015873016,0.2200729489714594,-0.7248453294777124,False,0.0
2010-05-26,0.9638083333333334,1.0522489090610765,Wednesday,0.9880420634920636,0.2203317057147173,-0.109987484915619,False,0.0
2010-05-27,0.9189875,1.0539248812832986,Thursday,1.004851984126984,0.2078465086050605,-0.413114873582695,False,0.0
2010-05-28,0.9709472222222222,1.0662004831351504,Friday,1.015146428571429,0.2034616935145062,-0.2172360093230778,False,0.0
2010-05-29,1.4234777777777778,1.088100575727743,Saturday,1.010586507936508,0.1919844367250861,2.150649692675419,False,0.0
2010-05-30,1.1567361111111112,1.1007642794314465,Sunday,1.0282595238095238,0.1999241588784636,0.6426266241274516,False,0.0
2010-05-31,0.9308763888888888,1.1012342794314465,Monday,1.028173214285714,0.1999730273248944,-0.4865497447250622,False,0.0
2010-06-01,0.8812249999999999,1.0799623812832986,Tuesday,1.0351511904761903,0.1927229849125441,-0.7986913991916474,False,0.0
2010-06-02,0.6811791666666667,1.069999325727743,Wednesday,0.9947755952380952,0.2351056369026112,-1.3338532954925744,False,0.0
2010-06-03,0.9681847222222222,1.0671573349870025,Thursday,1.0018037698412698,0.2331899924598157,-0.1441701990056071,False,0.0
2010-06-04,0.9864958333333332,1.0582509923944097,Friday,1.004025,0.2329209826120193,-0.0752579972404862,False,0.0
2010-06-05,1.3955861111111112,1.074695297949965,Saturday,1.0000404761904762,0.2246409879432977,1.760790132477853,False,0.0
2010-06-06,1.21305,1.0770746498018169,Sunday,1.0080853174603177,0.232073242647598,0.8831896353123321,False,0.0
2010-06-07,0.7028347222222222,1.0650065942462617,Monday,0.9755079365079364,0.2591446335902898,-1.0522047495562397,False,0.0
2010-06-08,0.9458569444444446,1.0602733535055209,Tuesday,0.9847410714285714,0.2563619838114407,-0.1516766503598554,False,0.0
2010-06-09,1.065751388888889,1.0618194183203358,Wednesday,1.0396799603174602,0.2189420286241505,0.1190791404248134,False,0.0
2010-06-10,0.8438819444444445,1.0535745572092243,Thursday,1.021922420634921,0.2304458193114766,-0.7725914782156753,False,0.0
2010-06-11,1.0213,1.0405017331351505,Friday,1.0268944444444446,0.2299289567827052,-0.0243311870010852,False,0.0
2010-06-12,1.371166087560806,1.0502448881038788,Saturday,1.0234058696515438,0.2234980160646824,1.5559879413364333,False,0.0
2010-06-13,1.1627472222222222,1.0491386381038788,Sunday,1.016219758540433,0.2171012874671595,0.6749267376129882,False,0.0
2010-06-14,0.8458222222222221,1.0323148418075825,Monday,1.0366465442547184,0.1873953834775631,-1.0182978816836414,False,0.0
2010-06-15,0.8499763888888888,1.0120264158816563,Tuesday,1.022949322032496,0.1983229171017881,-0.8721782417854911,False,0.0
2010-06-16,1.2278416666666667,1.015265073289064,Wednesday,1.04610507600075,0.213067833508571,0.8529517932072371,False,0.0
2010-06-17,0.7139013888888889,1.0061640084742491,Thursday,1.027536425207099,0.2378511233609578,-1.3186191088206236,False,0.0
2010-06-18,0.9252194444444444,1.0039779899557306,Friday,1.0138106315563056,0.2410221397085165,-0.367564520085168,False,0.0
2010-06-19,0.9834861111111112,1.010050258474249,Saturday,0.9584277777777778,0.1827091779000624,0.1371487388938924,False,0.0
2010-06-20,1.1614930555555556,1.018803823289064,Sunday,0.9582486111111111,0.1824758929692351,1.113815316298854,False,0.0
2010-06-21,1.1533958333333334,1.008737110326101,Monday,1.0021876984126985,0.1878443286171187,0.8049651327447908,False,0.0
2010-06-22,1.055963888888889,1.0095017399557304,Tuesday,1.0316144841269843,0.1757721046575905,0.1385282653885154,False,0.0
2010-06-23,1.0014333333333334,1.0118334992149898,Wednesday,0.9992704365079366,0.1530020857350418,0.0141363878473028,False,0.0
2010-06-24,0.7609583333333333,1.0094528047705456,Thursday,1.0059928571428571,0.1387435632391579,-1.766096517120206,False,0.0
2010-06-25,0.7634986111111112,1.0027758140298046,Friday,0.9828898809523812,0.1653488940792277,-1.3268384470485024,False,0.0
2010-06-26,0.6816805555555555,0.9948655825483232,Saturday,0.9397748015873016,0.2007302802163269,-1.2857763450217772,False,0.0
2010-06-27,0.7916416666666666,0.9888887306964712,Sunday,0.8869388888888888,0.1802770452194411,-0.5286153991830866,False,0.0
2010-06-28,1.021763888888889,0.9754982677335085,Monday,0.8681343253968253,0.1525899048232197,1.0068134171133294,False,0.0
2010-06-29,0.9501709520500348,0.9686127624314724,Tuesday,0.8530210487055605,0.1351254106304876,0.7189610221436384,False,0.0
2010-06-30,0.9612055555555556,0.9696237346536948,Wednesday,0.847274223308735,0.1284521693519276,0.8869552987826662,False,0.0
2010-07-01,0.9368069444444443,0.971476466135176,Thursday,0.8723954534674653,0.1259284854763485,0.5114926200639222,False,0.0
2010-07-02,0.7923111111111112,0.9751808642833244,Friday,0.8765115248960367,0.1221913022229425,-0.6890868028503265,False,0.0
2010-07-03,0.7778291666666667,0.9688356790981392,Saturday,0.8902470407690526,0.1000356073864901,-1.123778592837014,False,0.0
2010-07-04,1.0681166666666666,0.9715563735425836,Sunday,0.9297434693404812,0.1088098841993869,1.271696945036957,False,0.0
2010-07-05,0.7736041666666666,0.950823642061102,Monday,0.8942920804515923,0.1141283362443682,-1.0574754505008486,False,0.0
2010-07-06,0.6985652777777778,0.9336741513203612,Tuesday,0.8583484126984128,0.1318424343906946,-1.211924944036928,False,0.0
2010-07-07,0.5797138888888889,0.9295701235425836,Wednesday,0.8038496031746032,0.1584094533067318,-1.4149137542424015,False,0.0
2010-07-08,0.8421194444444444,0.926112206875917,Thursday,0.7903228174603175,0.1489224843179488,0.347809313156107,False,0.0
2010-07-09,0.7524152777777778,0.91566766983888,Friday,0.7846234126984127,0.1495956125488755,-0.2153013338550416,False,0.0
2010-07-10,0.8017388888888888,0.9142629013203614,Saturday,0.7880390873015873,0.1496875599809834,0.0915226461640625,False,0.0
2010-07-11,0.8288694444444445,0.9078485494685096,Sunday,0.7538609126984127,0.0908155896541066,0.8259433433369773,False,0.0
2010-07-12,0.7705375000000001,0.8878275965498159,Monday,0.7534228174603175,0.0907118119284431,0.1886709368475994,False,0.0
2010-07-13,0.9598013888888888,0.8810627354387048,Tuesday,0.7907422619047618,0.1148951518337697,1.471420893622401,False,0.0
2010-07-14,0.9788,0.8854953280312974,Wednesday,0.8477545634920636,0.0887743360091855,1.4761635220158338,False,0.0
2010-07-15,1.134928422515636,0.894993729152189,Thursday,0.8895844175022337,0.139925105167881,1.7533951803648138,False,0.0
2010-07-16,0.5694833333333333,0.8730484513744111,Friday,0.8634512825815988,0.1808972804039872,-1.625054553566334,False,0.0
2010-07-17,0.5599666666666666,0.8679172939670038,Saturday,0.82891239369271,0.2145875520571769,-1.2533146701556237,False,0.0
2010-07-18,0.5639152777777778,0.8558738217447815,Sunday,0.7910617984546147,0.2368127606594137,-0.9591819294042224,False,0.0
2010-07-19,0.5563597222222222,0.8416362754484853,Monday,0.7604649730577894,0.2531772631171658,-0.8061752794172161,False,0.0
2010-07-20,0.5943222222222222,0.8227305810040408,Tuesday,0.7082536635339798,0.2426858808008392,-0.4694605262399081,False,0.0
2010-07-21,0.7390041666666666,0.8089175254484853,Wednesday,0.673997115914932,0.2132738131779468,0.3048055913807633,False,0.0
2010-07-22,0.8086430555555555,0.8006734976707076,Thursday,0.6273849206349206,0.1027758878499649,1.763625094489483,False,0.0
2010-07-23,0.8167763888888888,0.794518266189226,Friday,0.6627124999999999,0.1205249407998679,1.278273922944401,False,0.0
2010-07-24,0.6400472222222222,0.7904878958188557,Saturday,0.6741525793650792,0.1126931296094971,-0.3026391871539859,False,0.0
2010-07-25,0.7850069444444445,0.7912048402633001,Sunday,0.7057371031746031,0.107511085748615,0.7373178376711028,False,0.0
2010-07-26,0.6139930555555555,0.7889485902633001,Monday,0.7139704365079365,0.0957258718441756,-1.0444133756768077,False,0.0
2010-07-27,0.6613611111111111,0.7846059050781149,Tuesday,0.7235474206349206,0.0844498577106898,-0.7363696187250992,False,0.0
2010-07-28,0.5990652777777777,0.7705159513744113,Wednesday,0.7035561507936509,0.0959600677430335,-1.08889953366523,False,0.0
2010-07-29,0.3813222222222222,0.7515543270468175,Thursday,0.6425103174603174,0.1425688713137716,-1.8320134881566208,False,0.0
2010-07-30,0.3828194444444444,0.7322747900097804,Friday,0.5805164682539682,0.1483932404720411,-1.3322508705965757,False,0.0
2010-07-31,0.38515,0.7138862251949657,Saturday,0.5441025793650793,0.162000859065969,-0.9811835584177464,False,0.0
2010-08-01,0.3858777777777777,0.7003384474171879,Sunday,0.4870841269841269,0.1301973613200923,-0.7773302636873859,False,0.0
2010-08-02,0.3815847222222222,0.6871302992690397,Monday,0.4538829365079365,0.1218032103292043,-0.5935657532367979,False,0.0
2010-08-03,0.4272305555555555,0.6657674288986694,Tuesday,0.4204357142857142,0.080465595165562,0.084444056566792,False,0.0
2010-08-04,0.3773305555555555,0.652558308528299,Wednesday,0.3887593253968253,0.0171952052260453,-0.6646486442603676,False,0.0
2010-08-05,0.3704694444444444,0.6416217807505212,Thursday,0.3872089285714284,0.0184229640485458,-0.9086205717426528,False,0.0
2010-08-06,0.3644069444444444,0.6344448826023731,Friday,0.3845785714285714,0.0203660873526614,-0.9904517561391588,False,0.0
2010-08-07,0.3663027777777777,0.6185843270468173,Saturday,0.381886111111111,0.0214926258259426,-0.7250548843838099,False,0.0
2010-08-08,0.3669861111111111,0.6057366881579287,Sunday,0.3791873015873016,0.0220857773867612,-0.552445597115551,False,0.0
2010-08-09,0.3715722222222222,0.5913977992690396,Monday,0.3777569444444444,0.0222283967550829,-0.2782351912450908,False,0.0
2010-08-10,0.3783041666666667,0.576378956676447,Tuesday,0.3707674603174603,0.005405256254576,1.3943291481927131,False,0.0
2010-08-11,0.3763902777777777,0.5632407159357063,Wednesday,0.3706331349206349,0.0052236054752747,1.102139678119564,False,0.0
2010-08-12,0.3678458333333333,0.5435088640838545,Thursday,0.3702583333333333,0.0053303415607505,-0.4525976379758045,False,0.0
2010-08-13,0.3710374999999999,0.5232501140838545,Friday,0.3712055555555555,0.0046648148609764,-0.0360262005168675,False,0.0
2010-08-14,0.3849097222222222,0.4982494907407407,Saturday,0.3738636904761905,0.006388403183615,1.729075549640098,False,0.0
2010-08-15,0.7333236111111112,0.5037108333333333,Sunday,0.426197619047619,0.1355465006669441,2.265834902061704,False,0.0
2010-08-16,0.7845347222222222,0.5111964351851852,Monday,0.4851922619047619,0.1876593071635691,1.5951378316479932,False,0.0
2010-08-17,0.775120443740095,0.5182366073839291,Tuesday,0.5418803014866802,0.2087401264283297,1.1173708967427358,False,0.0
2010-08-18,,,Wednesday,,,,False,
2010-08-19,,,Thursday,,,,False,
2010-08-20,,,Friday,,,,False,
2010-08-21,,,Saturday,,,,False,
2010-08-22,0.6140657894736842,,Sunday,,,,False,
2010-08-23,0.5317069444444444,,Monday,,,,False,
2010-08-24,0.5020472222222222,,Tuesday,,,,False,
2010-08-25,0.6808388888888889,,Wednesday,,,,False,
2010-08-26,0.5258694444444444,,Thursday,,,,False,
2010-08-27,1.4101736111111112,,Friday,,,,False,
2010-08-28,1.0019833333333332,,Saturday,0.7523836048454469,0.3371234538977115,0.7403807881121756,False,0.0
2010-08-29,1.1586666666666667,,Sunday,0.8301837301587301,0.3618188844320237,0.907865649477038,False,0.0
2010-08-30,1.0380569444444443,,Monday,0.9025194444444444,0.3422896247985459,0.3959731472426903,False,0.0
2010-08-31,0.9479902777777778,,Tuesday,0.9662255952380951,0.2933295654601366,-0.0621666535104029,False,0.0
2010-09-01,1.1064708333333333,,Wednesday,1.027030158730159,0.2672689637473566,0.2972311991985268,False,0.0
2010-09-02,0.9670083333333334,,Thursday,1.09005,0.1598104341192937,-0.7699226107778396,False,0.0
2010-09-03,0.9350097222222222,,Friday,1.0221694444444445,0.084202357157484,-1.0351221172966334,False,0.0
2010-09-04,1.211,,Saturday,1.0520289682539683,0.10920056715357,1.4557711181341115,False,0.0
2010-09-05,0.9187625,,Sunday,1.0177569444444443,0.1077921879714947,-0.9183823643196012,False,0.0
2010-09-06,0.9881083333333334,,Monday,1.0106214285714286,0.1078776125674305,-0.2086910778084104,False,0.0
2010-09-07,1.0082319444444443,,Tuesday,1.019227380952381,0.1043951526887666,-0.1053251633312657,False,0.0
2010-09-08,0.905425,,Wednesday,0.9905065476190476,0.1040476216971672,-0.8177173704813672,False,0.0
2010-09-09,0.8602180555555555,,Thursday,0.9752507936507936,0.1152889156066929,-0.99777795193834,False,0.0
2010-09-10,0.9222972222222222,,Friday,0.9734347222222224,0.1161255458974529,-0.4403639148026747,False,0.0
2010-09-11,1.0161875,,Saturday,0.9456043650793652,0.0589910894557801,1.1965050242637782,False,0.0
2010-09-12,1.119508333333333,,Sunday,0.9742823412698414,0.0862600835032701,1.6835827901556142,False,0.0
2010-09-13,0.7474444444444444,,Monday,0.9399017857142856,0.1208545456415934,-1.5924708520322708,False,0.0
2010-09-14,0.993526388888889,,Tuesday,0.937800992063492,0.1195900088839772,0.465970337701539,False,0.0
2010-09-15,0.6847875,,Wednesday,0.9062813492063492,0.1537442836077671,-1.440663964921291,False,0.0
2010-09-16,0.9303736111111112,,Thursday,0.9163035714285714,0.1525228529031088,0.0922487313522637,False,0.0
2010-09-17,1.0400055555555556,,Friday,0.9331190476190476,0.1596173859038906,0.6696420150676246,False,0.0
2010-09-18,0.8666291666666666,,Saturday,0.9117535714285712,0.1566266318217328,-0.2881017374699328,False,0.0
2010-09-19,0.6386111111111111,,Sunday,0.8430539682539682,0.1557769371968883,-1.3124077339154467,False,0.0
2010-09-20,1.1686333333333334,0.9146546003898636,Monday,0.9032238095238097,0.1902264432669622,1.3952293868894463,False,0.0
2010-09-21,0.7717888888888889,0.9199120370370372,Tuesday,0.8715470238095238,0.1911427257130096,-0.5219039047837808,False,0.0
2010-09-22,1.0488847222222222,0.9371512962962965,Wednesday,0.9235609126984128,0.1811282587198576,0.6919064446903433,False,0.0
2010-09-23,1.0068486111111112,0.9539780092592592,Thursday,0.9344859126984126,0.1838929104640109,0.3935045577891404,False,0.0
2010-09-24,0.9222166666666668,0.9620239351851853,Friday,0.9176589285714288,0.177920264313057,0.0256167453034948,False,0.0
2010-09-25,0.4491779661016949,0.9594675525737604,Saturday,0.8580230427764326,0.2522924976404713,-1.6205201521979504,False,0.0
2010-09-26,,,Sunday,,,,False,
2010-09-27,,,Monday,,,,False,
2010-09-28,1.6391149825783973,,Tuesday,,,,False,
2010-09-29,1.1697402777777777,,Wednesday,,,,False,
2010-09-30,0.8668597222222222,,Thursday,,,,False,
2010-10-01,1.045013888888889,,Friday,,,,False,
2010-10-02,1.3355930555555555,,Saturday,,,,False,
2010-10-03,1.2713083333333333,,Sunday,,,,False,
2010-10-04,1.2333055555555557,,Monday,1.2229908308445328,0.2413919099228072,0.0427302005039082,False,0.0
2010-10-05,1.2879333333333334,,Tuesday,1.1728220238095235,0.1648535610954724,0.6982640154017946,False,0.0
2010-10-06,0.913511111111111,,Wednesday,1.1362178571428572,0.1918826797809467,-1.160640169743242,False,0.0
2010-10-07,1.2569125,,Thursday,1.1919396825396826,0.1534018231025488,0.4235465794750254,False,0.0
2010-10-08,1.0489277777777777,,Friday,1.1924988095238096,0.1527829308146779,-0.9397059670244198,False,0.0
2010-10-09,1.1192916666666666,,Saturday,1.1615986111111112,0.1403895238103847,-0.3013539991886142,False,0.0
2010-10-10,1.3881277777777778,,Sunday,1.178287103174603,0.161030540686844,1.3031110353858395,False,0.0
2010-10-11,1.126798611111111,,Monday,1.1630718253968253,0.1599940166438403,-0.2267160675543349,False,0.0
2010-10-12,1.0970083333333334,,Tuesday,1.1357968253968254,0.1511924940902718,-0.2565503816633432,False,0.0
2010-10-13,1.4401986111111111,,Wednesday,1.2110378968253968,0.1531752798691315,1.4960685202044517,False,0.0
2010-10-14,1.482723611111111,,Thursday,1.243296626984127,0.1849325402267249,1.2946720130132297,False,0.0
2010-10-15,1.108558333333333,,Friday,1.2518152777777778,0.1756262380563589,-0.8156921541442637,False,0.0
2010-10-16,0.6944541666666667,,Saturday,1.1911242063492065,0.2745822616818809,-1.8088205576001848,False,0.0
2010-10-17,0.7273486111111112,,Sunday,1.0967271825396825,0.3072117400741138,-1.2023582540805895,False,0.0
2010-10-18,1.8846416666666668,,Monday,1.2049904761904762,0.4289779865471201,1.584349807659736,False,0.0
2010-10-19,1.3374847222222224,,Tuesday,1.2393442460317463,0.4285179866297871,0.2290230031237016,False,0.0
2010-10-20,1.199975,,Wednesday,1.2050265873015873,0.4192711014065789,-0.0120484986555002,False,0.0
2010-10-21,0.9411097222222224,,Thursday,1.1276531746031746,0.4093408316103211,-0.4557166985934482,False,0.0
2010-10-22,1.1589527777777775,,Friday,1.134852380952381,0.4093921817222726,0.0588687275951596,False,0.0
2010-10-23,1.592525,,Saturday,1.2631482142857142,0.3885671636188808,0.8476701495995403,False,0.0
2010-10-24,1.661256428075052,,Sunday,1.3965636167091344,0.3298277054652384,0.8025184269846438,False,0.0
2010-10-25,0.8078416666666666,,Monday,1.242735045280563,0.3150260935361699,-1.3804995444415906,False,0.0
2010-10-26,0.6568777777777778,,Tuesday,1.145505481788499,0.3793689405093761,-1.2880013407387658,False,0.0
2010-10-27,0.8751930555555556,1.1789529359106707,Wednesday,1.0991080611535788,0.3912709191446874,-0.5722761254209697,False,0.0
2010-10-28,1.0161986111111112,1.158189056861761,Thursday,1.109835045280563,0.3872257346587439,-0.241813561931704,False,0.0
2010-10-29,0.8364041666666667,1.1470778531580572,Friday,1.06375667226469,0.3994062251241197,-0.5692262446018991,False,0.0
2010-10-30,1.4949305555555554,1.1680135476025018,Saturday,1.0498146087726266,0.3790572299100769,1.1742710906438136,False,0.0
2010-10-31,1.025298611111111,1.1673563716765758,Sunday,0.958963492063492,0.2680387904703996,0.247483280055111,False,0.0
2010-11-01,0.9605416666666668,1.1548546587136128,Monday,0.9807777777777776,0.25977631476466,-0.0778982145829709,False,0.0
2010-11-02,0.8271402777777779,1.1400490568617612,Tuesday,1.005100992063492,0.2307431264451789,-0.7712503381026816,False,0.0
2010-11-03,0.8981236111111112,1.1288763253802794,Wednesday,1.0083767857142858,0.2287456064093754,-0.4819903487276586,False,0.0
2010-11-04,1.7744069444444446,1.1450921124173166,Thursday,1.116692261904762,0.3693604023995586,1.7806854180004776,False,0.0
2010-11-05,1.2056166666666666,1.1548289642691685,Friday,1.1694369047619049,0.348433349232377,0.1038355311983431,False,0.0
2010-11-06,1.2537555555555555,1.1547237327876871,Saturday,1.1349833333333332,0.3217890020958731,0.3690996940499401,False,0.0
2010-11-07,1.162372222222222,1.1585052142691683,Sunday,1.1545652777777775,0.3181520119709999,0.024538409787444,False,0.0
2010-11-08,1.2677361111111112,1.163453362417317,Monday,1.1984501984126985,0.3079516976091119,0.2249895462059065,False,0.0
2010-11-09,1.4042347222222222,1.1639902605654648,Tuesday,1.280892261904762,0.2664284909094741,0.4629477121475306,False,0.0
2010-11-10,1.3517597222222224,1.1714889642691686,Wednesday,1.3456974206349206,0.2061622505556265,0.0294054880122977,False,0.0
2010-11-11,1.231661111111111,1.1759773901950945,Thursday,1.2681623015873016,0.0838130882874589,-0.4355070457611595,False,0.0
2010-11-12,1.275570833333333,1.1704897976025015,Friday,1.2781557539682538,0.0791534889431733,-0.0326570650192874,False,0.0
2010-11-13,1.4049819444444445,1.1678984087136128,Saturday,1.2997595238095236,0.0911172337156041,1.1548026245324996,False,0.0
2010-11-14,1.41555,1.1781314642691685,Sunday,1.3359277777777778,0.0765824906588706,1.0396922525919376,False,0.0
2010-11-15,1.2134597222222223,1.1954316494543535,Monday,1.328174007936508,0.0867148025181949,-1.3228916215338853,False,0.0
2010-11-16,1.0484361111111111,1.2061345661210203,Tuesday,1.2773456349206351,0.128776379817351,-1.7775738387287794,False,0.0
2010-11-17,1.0986333333333334,1.1799342883432429,Wednesday,1.241184722222222,0.1394916276415918,-1.021935088858226,False,0.0
2010-11-18,1.1473277777777775,1.1735957235284278,Thursday,1.229137103174603,0.144019614446227,-0.568042941313184,False,0.0
2010-11-19,1.0905555555555555,1.1699484087136127,Friday,1.2027063492063494,0.150890996433498,-0.7432570285942939,False,0.0
2010-11-20,1.525698611111111,1.189434705009909,Saturday,1.2199515873015871,0.1816293634441954,1.6833567987670832,False,0.0
2010-11-21,0.6256319444444445,1.171657343898798,Sunday,1.1071061507936508,0.2657548384764608,-1.8117231998839145,False,0.0
2010-11-22,1.4177333333333333,1.165830955009909,Monday,1.1362880952380952,0.2895314802250689,0.9720712852241664,False,0.0
2010-11-23,1.095511111111111,1.1469727777777776,Tuesday,1.143013095238095,0.2876916984645083,-0.1651141982216219,False,0.0
2010-11-24,1.2473944444444445,1.161624537037037,Wednesday,1.1642646825396823,0.2893566349817922,0.2872917080681177,False,0.0
2010-11-25,0.9938638888888888,1.1728574074074072,Thursday,1.1423412698412698,0.2965773347182286,-0.5006363048391612,False,0.0
2010-11-26,1.1782296120348377,1.1829586259567166,Friday,1.1548661350525955,0.2958763255069019,0.0789636580156087,False,0.0
